Name,Email,Date,Transaction Amount,Payment Method,Address,Product Name
Dacy Tilly,dtilly0@tuttocitta.it,9/12/2023,656.15,CC,Room 293,Soup - Chicken And Wild Rice
Gerrilee Canavan,gcanavan1@cargocollective.com,7/22/2023,570.16,DC,Room 1716,Pear - Prickly
Jeffry Glandon,jglandon2@cargocollective.com,5/13/2023,920.92,CC,Room 780,Cumin - Whole
Elinore Mapis,emapis3@rambler.ru,8/24/2023,938.49,,Room 122,"Rum - Coconut, Malibu"
Beverie Leaves,bleaves4@scribd.com,5/30/2023,613.21,DC,14th Floor,Turnip - White
Agace Naughton,anaughton5@reddit.com,11/29/2023,498.76,CC,Apt 33,"Octopus - Baby, Cleaned"
Matthias Chattell,mchattell6@cnet.com,3/26/2024,359.55,Debit,16th Floor,"Potatoes - Purple, Organic"
Julie Attryde,jattryde7@dropbox.com,6/25/2023,348.11,Credit,Suite 60,Mussels - Frozen
Thelma Clinkard,tclinkard8@accuweather.com,4/9/2023,366.32,Credit,4th Floor,Lid Coffee Cup 8oz Blk
Bellina Slowey,bslowey9@studiopress.com,2/3/2024,624.9,Debit Card,PO Box 94163,"Wine - White, Riesling, Semi - Dry"
Maggi Hargreves,mhargrevesa@goo.gl,3/28/2024,478.94,Credit,Apt 1302,Cheese - Ermite Bleu
Meade Gallety,mgalletyb@tinypic.com,5/17/2023,809.21,Credit,Suite 67,Wine - Balbach Riverside
Iormina Huckell,ihuckellc@go.com,3/25/2024,925.32,Debit Card,Room 1405,Pastry - Plain Baked Croissant
Dulce Perrottet,dperrottetd@simplemachines.org,2/29/2024,368.21,Credit Card,8th Floor,"Brownies - Two Bite, Chocolate"
Kristine Neligan,kneligane@nih.gov,8/6/2023,454.71,DC,PO Box 84401,"Rice Pilaf, Dry,package"
Garv Trusler,gtruslerf@angelfire.com,11/11/2023,795.61,,Apt 752,"Tomatoes - Plum, Canned"
Meredith Smidmor,msmidmorg@amazon.de,6/1/2023,746.52,Credit Card,Suite 58,Cactus Pads
Rosemary Chippin,rchippinh@nih.gov,1/31/2024,486.83,Credit,Apt 1292,Container Clear 8 Oz
Garrard Valentin,gvalentini@dell.com,2/15/2024,536.84,DC,12th Floor,Tahini Paste
Mariya Rispin,mrispinj@slashdot.org,5/5/2023,29.01,DC,Suite 86,Soap - Pine Sol Floor Cleaner
Ninette Klageman,nklagemank@yelp.com,6/16/2023,0.92,DC,Room 963,"Coke - Diet, 355 Ml"
Reginauld Hildred,rhildredl@narod.ru,9/2/2023,823.58,Credit Card,18th Floor,Salt - Sea
Reagen Langan,rlanganm@stanford.edu,7/6/2023,648.9,Credit Card,Apt 273,Cookies Almond Hazelnut
Hildegaard Becker,hbeckern@furl.net,12/1/2023,396.37,Credit Card,PO Box 28218,Straws - Cocktale
Reuben Viscovi,rviscovio@shareasale.com,11/5/2023,417.61,DC,Suite 6,Juice - Orange
Marvin Kardos-Stowe,mkardosstowep@barnesandnoble.com,2/7/2024,679.5,Credit Card,Room 1649,Papayas
Ellary Dougan,edouganq@phoca.cz,3/11/2024,10.33,CC,16th Floor,Extract Vanilla Pure
Bevon Aucott,baucottr@yale.edu,9/17/2023,409.76,Debit Card,PO Box 63896,"Chocolate - Semi Sweet, Calets"
Joscelin Beccero,jbecceros@seattletimes.com,12/18/2023,65.93,CC,2nd Floor,Vol Au Vents
Tracie Petersen,tpetersent@shinystat.com,3/30/2024,977.62,Debit Card,PO Box 89273,Rappini - Andy Boy
Farlee Nasi,fnasiu@digg.com,8/5/2023,897.52,Credit Card,PO Box 60748,Beef - Tenderloin
Sallie Medendorp,smedendorpv@printfriendly.com,2/10/2024,562.91,Credit Card,PO Box 87233,Vinegar - White
Morissa Piotrkowski,mpiotrkowskiw@dailymail.co.uk,3/2/2024,93.74,Debit,18th Floor,Carrots - Jumbo
Adeline Bern,abernx@hubpages.com,8/9/2023,10.15,Debit,Suite 61,Soupcontfoam16oz 116con
Laureen Jaskiewicz,ljaskiewiczy@blogtalkradio.com,11/30/2023,65.51,Credit Card,5th Floor,Wine - Pinot Noir Stoneleigh
Fabio Duer,fduerz@vistaprint.com,10/25/2023,430.53,DC,Room 298,"Spoon - Soup, Plastic"
Sim Wooding,swooding10@digg.com,11/18/2023,615.8,CC,PO Box 23020,Wine - Malbec Trapiche Reserve
Windy Beecroft,wbeecroft11@biblegateway.com,8/23/2023,844.86,Debit,14th Floor,Ice Cream - Strawberry
Cacilie Tennewell,ctennewell12@xinhuanet.com,12/22/2023,971.06,Debit,Room 1187,Muffin Mix - Oatmeal
Aprilette O'Sheils,aosheils13@infoseek.co.jp,7/29/2023,197.26,Credit Card,PO Box 68296,"Pasta - Fett Alfredo, Single Serve"
Milty Pipworth,mpipworth14@4shared.com,3/25/2024,658.83,Credit,Suite 2,Tarts Assorted
Hinda Harradine,hharradine15@paginegialle.it,4/8/2023,702.18,Debit Card,5th Floor,"Tomatoes - Vine Ripe, Red"
Harris Badini,hbadini16@indiegogo.com,8/9/2023,791.68,Credit Card,PO Box 54090,Rice Paper
Mela Knotte,mknotte17@people.com.cn,8/28/2023,621.14,DC,Apt 211,Coffee - 10oz Cup 92961
Jaimie Tourville,jtourville18@npr.org,2/15/2024,824.54,DC,Suite 11,Bagel - Plain
Arlina Trelevan,atrelevan19@home.pl,11/16/2023,166.76,DC,Room 1205,Cheese - Shred Cheddar / Mozza
Debor Tison,dtison1a@tripadvisor.com,4/30/2023,871.16,Credit Card,Apt 1427,Muskox - French Rack
Renell Lindup,rlindup1b@theatlantic.com,10/18/2023,350.71,Credit Card,Room 294,Beef - Montreal Smoked Brisket
Casie Cleen,ccleen1c@com.com,3/28/2024,94.47,DC,PO Box 86073,Initation Crab Meat
Jerome Niemiec,jniemiec1d@ow.ly,1/25/2024,259.58,CC,Apt 345,Ham - Cooked
Kerrin Pelzer,kpelzer1e@indiatimes.com,2/12/2024,556.86,Debit Card,Apt 410,Sauce - Sesame Thai Dressing
Field Brodway,fbrodway1f@topsy.com,12/1/2023,287.69,DC,Apt 1496,Sour Puss - Tangerine
Sander Vasyagin,svasyagin1g@smugmug.com,3/17/2024,388.72,Credit,PO Box 48250,Broom And Broom Rack White
Katee Gawkes,kgawkes1h@barnesandnoble.com,8/2/2023,287.14,Credit Card,PO Box 76655,Yoghurt Tubes
Chrystal Ridgewell,cridgewell1i@ucla.edu,10/9/2023,589.23,Debit,PO Box 8003,Vinegar - White
Kristian MacDavitt,kmacdavitt1j@mail.ru,8/29/2023,765.89,Debit Card,Room 1724,Onions - Cooking
Matias Snuggs,msnuggs1k@hibu.com,11/2/2023,973.3,CC,1st Floor,Shallots
Tate Renish,trenish1l@businessinsider.com,7/31/2023,995.91,DC,PO Box 33310,Pastry - Baked Scones - Mini
Thacher Glidder,tglidder1m@wp.com,8/14/2023,216.59,CC,Suite 12,Beer - True North Strong Ale
Rolfe Wemyss,rwemyss1n@about.me,6/23/2023,296.35,Debit Card,PO Box 24398,Pork - European Side Bacon
Vaughan Pover,vpover1o@utexas.edu,12/15/2023,215.51,Credit Card,Room 658,Table Cloth - 53x69 Colour
Georgianna Kellett,gkellett1p@mit.edu,3/8/2024,888.48,Debit Card,Apt 1678,Cape Capensis - Fillet
Ernestus Pandey,epandey1q@fema.gov,9/29/2023,346.2,DC,Room 689,Squid - U - 10 Thailand
Nilson Breston,nbreston1r@imgur.com,9/3/2023,657.84,Debit Card,Apt 1297,Bar Special K
Faun Dine-Hart,fdinehart1s@fc2.com,7/13/2023,149.74,Debit Card,Suite 74,Cake - Cake Sheet Macaroon
Kerwinn Brugh,kbrugh1t@blinklist.com,8/8/2023,328.94,DC,6th Floor,Oranges
Tymothy Larcombe,tlarcombe1u@adobe.com,6/29/2023,812.91,CC,Apt 1419,Cake - Sheet Strawberry
Fulton Norsister,fnorsister1v@sohu.com,10/24/2023,414.53,Credit,Suite 68,Bread - 10 Grain
Mommy Tomisch,mtomisch1w@spotify.com,8/13/2023,686.94,DC,Suite 9,"Crab - Dungeness, Whole, live"
Florinda Goldwater,fgoldwater1x@bloglines.com,1/11/2024,463.29,Debit,PO Box 25128,"Lid - 10,12,16 Oz"
Byran Insole,binsole1y@epa.gov,10/16/2023,126.84,CC,PO Box 32419,"Juice - V8, Tomato"
Arthur Benedyktowicz,abenedyktowicz1z@uiuc.edu,1/7/2024,489.12,CC,PO Box 84318,Coffee - Irish Cream
Leesa Ferrarini,lferrarini20@berkeley.edu,12/19/2023,849.45,Credit,PO Box 63359,Bay Leaf Ground
Adeline Waldram,awaldram21@moonfruit.com,1/6/2024,891.11,Debit,Suite 77,Beef - Inside Round
Diane-marie Shercliff,dshercliff22@home.pl,7/27/2023,48.35,DC,Room 1565,Spice - Peppercorn Melange
Sharla Nial,snial23@amazon.co.jp,1/18/2024,881.42,DC,Room 1173,Glove - Cutting
Aloysia Iacopo,aiacopo24@si.edu,1/2/2024,140.04,Credit,4th Floor,"Lamb - Shoulder, Boneless"
Nari Junkinson,njunkinson25@freewebs.com,3/5/2024,743.93,Credit Card,Suite 11,"Onions - Dried, Chopped"
Kailey Caspell,kcaspell26@list-manage.com,11/4/2023,36.51,CC,18th Floor,"Wine - Red, Cabernet Merlot"
Kendal Osgood,kosgood27@nydailynews.com,10/30/2023,549.41,Debit Card,Suite 72,Appetizer - Mango Chevre
Kristine Lightning,klightning28@studiopress.com,8/22/2023,361.35,Credit,11th Floor,"Wine - Red, Cabernet Merlot"
Fae Hars,fhars29@imgur.com,1/28/2024,499.07,Credit,Room 220,Bread - Granary Small Pull
Donn Conville,dconville2a@vk.com,10/9/2023,307.07,CC,PO Box 8865,Skirt - 29 Foot
Elmira Giroldi,egiroldi2b@paypal.com,5/10/2023,487.41,Debit,Suite 46,Beef - Striploin
Curcio Garrioch,cgarrioch2c@npr.org,5/1/2023,469.25,Credit,Suite 45,Trout Rainbow Whole
Zia Sabater,zsabater2d@bing.com,10/2/2023,299.28,Credit,18th Floor,"Pepper - Green, Chili"
Patricia Belamy,pbelamy2e@digg.com,3/22/2024,747.6,Debit,Room 1103,Eggs - Extra Large
Madalyn Stanmer,mstanmer2f@cnn.com,1/21/2024,927.97,Debit Card,4th Floor,Oranges
Danette Coombs,dcoombs2g@google.co.jp,10/24/2023,298.78,DC,Apt 997,Apples - Sliced / Wedge
Gabbie Renon,grenon2h@globo.com,1/24/2024,346.9,,Suite 54,Roe - White Fish
Dillon Piele,dpiele2i@mit.edu,10/1/2023,761.65,Debit,Room 1906,Napkin Colour
Tawnya MacDonogh,tmacdonogh2j@slashdot.org,1/3/2024,,CC,Suite 61,Eggplant Italian
Adah Parram,aparram2k@cnet.com,5/29/2023,897.72,Debit,Room 1440,Fennel - Seeds
Fielding Stockport,fstockport2l@hhs.gov,10/15/2023,447.38,DC,Suite 56,Initation Crab Meat
Massimiliano Lightfoot,mlightfoot2m@craigslist.org,9/24/2023,379.09,CC,2nd Floor,"Capon - Breast, Double, Wing On"
Danit McClements,dmcclements2n@bloglovin.com,1/26/2024,600.02,DC,Room 1893,Syrup - Chocolate
Mabel Lavalle,mlavalle2o@sphinn.com,1/7/2024,952.11,CC,PO Box 31373,"Asparagus - White, Canned"
Donnajean Leftly,dleftly2p@people.com.cn,2/18/2024,692.72,Credit,Suite 14,Sugar Thermometer
Basilius Baake,bbaake2q@howstuffworks.com,1/27/2024,329.93,Credit Card,Suite 35,Nantucket Apple Juice
Glenn Daffey,gdaffey2r@google.co.uk,3/14/2024,491.67,Debit Card,Apt 357,Wine - Ej Gallo Sonoma
Adey Breadon,abreadon2s@kickstarter.com,4/14/2023,323.67,Credit Card,Apt 238,"Salmon - Atlantic, Skin On"
Vernon Rodders,vrodders2t@biblegateway.com,9/29/2023,347.23,Credit Card,Room 1001,Basil - Seedlings Cookstown
Bamby Berrisford,bberrisford2u@woothemes.com,6/13/2023,690.85,Debit,15th Floor,"Iced Tea - Lemon, 460 Ml"
Ricardo Clotworthy,rclotworthy2v@mozilla.com,6/4/2023,360.8,Debit,PO Box 75155,Urban Zen Drinks
Rayna Burnhard,rburnhard2w@ft.com,4/3/2023,574.32,Debit,PO Box 71038,Celery
Gino Scholes,gscholes2x@example.com,5/12/2023,172.64,Credit Card,Suite 11,Mushroom - Morel Frozen
Bliss Warke,bwarke2y@csmonitor.com,8/27/2023,172.03,Debit,Room 927,Pineapple - Golden
Kirbee Welbelove,kwelbelove2z@reverbnation.com,5/28/2023,593.64,Credit,10th Floor,Mix - Cocktail Strawberry Daiquiri
Avie Tallowin,atallowin30@home.pl,2/1/2024,970.47,Debit Card,Suite 99,"Beef - Bones, Cut - Up"
Ikey Bowring,ibowring31@tumblr.com,2/2/2024,,Debit,PO Box 40601,Muskox - French Rack
Cathryn Hendin,chendin32@hostgator.com,10/19/2023,126.27,DC,Room 1620,Bread - Petit Baguette
Amber Rodd,arodd33@alibaba.com,2/15/2024,908.15,Debit,Apt 773,Bread - Pain Au Liat X12
Perceval Petche,ppetche34@fc2.com,1/19/2024,571.06,DC,Apt 475,Oil - Canola
Thor Meir,tmeir35@ovh.net,10/18/2023,227.11,Debit Card,PO Box 47832,"Oranges - Navel, 72"
Maure Grissett,mgrissett36@dyndns.org,5/24/2023,977.5,Debit Card,Suite 21,Miso Paste White
Shir Blamey,sblamey37@vk.com,8/1/2023,921.28,Credit Card,Suite 26,Cheese Cloth No 100
Preston Alsopp,palsopp38@wikia.com,8/15/2023,354.68,Credit,Suite 85,"Salmon - Atlantic, Fresh, Whole"
Alphonso Bruffell,abruffell39@pen.io,7/16/2023,200.76,Credit,Room 1105,Pike - Frozen Fillet
Hilary Blackaby,hblackaby3a@sourceforge.net,1/7/2024,989.34,CC,Suite 78,Paste - Black Olive
Kenn Pitblado,kpitblado3b@cdbaby.com,11/27/2023,38.62,Debit Card,Room 114,Wine - Cabernet Sauvignon
Alisha Ainscough,aainscough3c@va.gov,8/11/2023,700.22,Debit Card,Room 922,Cake - French Pear Tart
Raymund Warfield,rwarfield3d@edublogs.org,1/15/2024,,Debit,15th Floor,Glucose
Elysia Freund,efreund3e@ning.com,4/9/2023,592.06,Credit Card,PO Box 39055,"Wine - Red, Mouton Cadet"
Sioux Dunkirk,sdunkirk3f@cbslocal.com,6/14/2023,482.05,Credit Card,Apt 1012,Veal - Inside
Katrina Overton,koverton3g@comsenz.com,7/26/2023,142.25,Debit Card,Apt 618,"Lamb - Leg, Bone In"
Jennee Grayer,jgrayer3h@so-net.ne.jp,6/2/2023,594.21,Credit,Apt 152,Nantucket - Carrot Orange
Babette Penwright,bpenwright3i@adobe.com,11/6/2023,767.73,Credit Card,PO Box 75556,Bread - English Muffin
Adela Deddum,adeddum3j@ibm.com,9/8/2023,164.41,Credit,Apt 1536,Tea - Lemon Scented
Chery Birkinshaw,cbirkinshaw3k@webs.com,10/2/2023,85.69,DC,Apt 573,"Chicken - White Meat, No Tender"
Channa Letcher,cletcher3l@spotify.com,7/14/2023,197.99,,Apt 805,Bread - 10 Grain
Alecia Llop,allop3m@adobe.com,5/8/2023,169.1,Debit,Apt 1376,"Wine - Red, Mosaic Zweigelt"
Dot Playle,dplayle3n@livejournal.com,4/9/2023,298.63,DC,Apt 558,Ice Cream Bar - Hagen Daz
Callie Hedney,chedney3o@1und1.de,4/19/2023,826.72,Credit,4th Floor,Ginger - Crystalized
Ferdy Awde,fawde3p@wikimedia.org,11/12/2023,395.28,Credit,Suite 67,Bread Ww Cluster
Glennis Hannis,ghannis3q@delicious.com,1/8/2024,502.66,Credit,Suite 29,"Lemonade - Island Tea, 591 Ml"
Cale Focke,cfocke3r@omniture.com,4/27/2023,831.42,DC,Suite 65,Nantucket Apple Juice
Mickie Gress,mgress3s@zdnet.com,9/13/2023,583.39,Debit,Room 1112,"Yogurt - Raspberry, 175 Gr"
Tris Ceney,tceney3t@blog.com,9/5/2023,199.44,CC,Room 10,"Nestea - Ice Tea, Diet"
Lisha Mumbeson,lmumbeson3u@ustream.tv,12/4/2023,883.66,Credit Card,Apt 1838,"Cheese - Cheddar, Old White"
Emelda Furmedge,efurmedge3v@sfgate.com,3/31/2024,365.75,Debit Card,Apt 1482,Duck - Fat
Deedee Oloshkin,doloshkin3w@jalbum.net,1/31/2024,717.91,Debit Card,4th Floor,Pineapple - Golden
Esther Battye,ebattye3x@tinyurl.com,2/20/2024,625.11,CC,Suite 34,Wine - Bouchard La Vignee Pinot
Sheff Digby,sdigby3y@pcworld.com,7/10/2023,693.11,DC,9th Floor,Crackers - Melba Toast
Flory Bonehill,fbonehill3z@wordpress.org,12/22/2023,189.25,Credit,Room 233,Potatoes - Idaho 100 Count
Roley Eagan,reagan40@addtoany.com,3/26/2024,762.83,Debit,PO Box 53316,Cheese - Parmigiano Reggiano
Adelaide Joffe,ajoffe41@deliciousdays.com,10/11/2023,789.53,CC,Suite 67,Coffee Swiss Choc Almond
Berkie Nisuis,bnisuis42@pcworld.com,9/29/2023,886.92,DC,PO Box 59479,Cheese - Colby
Alicia Hindshaw,ahindshaw43@mayoclinic.com,3/30/2024,651.85,Credit,PO Box 47578,Plastic Arrow Stir Stick
Nerte Thoma,nthoma44@altervista.org,7/24/2023,698.15,DC,PO Box 66332,Pork - Back Ribs
Agathe Riglesford,ariglesford45@lulu.com,9/12/2023,698.0,DC,Apt 1510,"Juice - Apple, 1.36l"
Julie Sackler,jsackler46@apache.org,6/8/2023,320.23,Debit,Apt 1726,Apple - Custard
Erina Aldren,ealdren47@trellian.com,4/23/2023,74.72,DC,PO Box 46904,"Juice - Cranberry, 341 Ml"
Sumner Lombard,slombard48@opensource.org,8/31/2023,265.5,Credit Card,3rd Floor,Corn Kernels - Frozen
Pauly Zannini,pzannini49@zdnet.com,4/11/2023,676.02,Credit,Apt 254,Fond - Chocolate
Nanni Lawrenson,nlawrenson4a@joomla.org,8/19/2023,779.8,Credit Card,11th Floor,"Shrimp - 16 - 20 Cooked, Peeled"
Thom Jotham,tjotham4b@illinois.edu,7/15/2023,53.42,Credit Card,Apt 1565,Wine - Chianti Classica Docg
Phyllis Pitsall,ppitsall4c@dailymail.co.uk,4/22/2023,518.52,Credit Card,Room 370,"Loaf Pan - 2 Lb, Foil"
Augusto Rusted,arusted4d@forbes.com,9/15/2023,80.74,CC,Suite 97,"Beef - Tongue, Cooked"
Janina Olle,jolle4e@pcworld.com,1/13/2024,348.57,Debit Card,Suite 3,"Pork - Sausage, Medium"
Bobbie Malpass,bmalpass4f@globo.com,8/8/2023,308.93,Credit Card,Room 1526,Wine - Chablis J Moreau Et Fils
Winny Bearham,wbearham4g@blogtalkradio.com,5/26/2023,470.84,Debit Card,Room 1729,Ice Cream Bar - Hageen Daz To
Archaimbaud Dewing,adewing4h@elegantthemes.com,5/11/2023,605.17,Debit Card,Apt 1231,Nantucket - Kiwi Berry Cktl.
Lexi Gorghetto,lgorghetto4i@ycombinator.com,3/31/2024,100.56,Debit Card,Room 755,Calypso - Lemonade
Perl Crew,pcrew4j@earthlink.net,6/28/2023,121.14,DC,Apt 444,"Zucchini - Mini, Green"
Lombard Benning,lbenning4k@cloudflare.com,9/24/2023,738.74,Credit Card,PO Box 5973,Swiss Chard
Bonita Scrane,bscrane4l@cloudflare.com,4/12/2023,694.75,Credit,Room 111,"Beans - Turtle, Black, Dry"
Read Baum,rbaum4m@amazon.com,11/25/2023,973.46,DC,Room 1481,"Tart Shells - Sweet, 4"
April Barth,abarth4n@creativecommons.org,6/15/2023,778.81,Debit,Suite 38,Bread Bowl Plain
Hatty Gouge,hgouge4o@amazonaws.com,2/8/2024,654.37,DC,Apt 1675,Cactus Pads
Paxton Augustin,paugustin4p@woothemes.com,3/31/2024,751.11,Credit,Apt 1708,Wine - Gewurztraminer Pierre
Dillie Julien,djulien4q@nhs.uk,5/27/2023,321.18,DC,Apt 795,Flower - Daisies
Jessalin Kirkwood,jkirkwood4r@amazon.co.jp,11/10/2023,948.1,Credit Card,9th Floor,Pop - Club Soda Can
Horten Lawless,hlawless4s@msu.edu,10/7/2023,112.4,CC,Apt 74,Table Cloth 81x81 Colour
Anna-diana Whittenbury,awhittenbury4t@businessinsider.com,5/14/2023,897.59,Credit Card,19th Floor,V8 - Berry Blend
Husain Isakov,hisakov4u@msn.com,1/23/2024,585.75,DC,Apt 1233,Veal - Nuckle
Ted Krochmann,tkrochmann4v@ihg.com,2/17/2024,743.6,DC,PO Box 6236,Chevril
Devan Allery,dallery4w@163.com,9/12/2023,362.92,Credit Card,PO Box 479,Fireball Whisky
Sherwin Bisp,sbisp4x@i2i.jp,9/5/2023,907.27,DC,Suite 96,Guinea Fowl
Imogene Kempe,ikempe4y@nytimes.com,3/2/2024,588.64,Credit,PO Box 23648,Soup - Base Broth Beef
Tildie Bonelle,tbonelle4z@unesco.org,5/28/2023,879.46,Credit,12th Floor,Vinegar - White Wine
Randi Carlow,rcarlow50@ibm.com,1/8/2024,118.23,DC,Room 1480,Cod - Black Whole Fillet
Shayla Devonish,sdevonish51@ucoz.ru,6/27/2023,408.6,CC,Apt 1435,Vol Au Vents
Constantina Hender,chender52@goo.ne.jp,8/29/2023,835.92,CC,Suite 78,"Wine - Red, Marechal Foch"
Flo Betteriss,fbetteriss53@weibo.com,3/6/2024,268.09,Debit Card,PO Box 71709,Tea - Jasmin Green
Kassi Frayn,kfrayn54@bing.com,10/4/2023,58.66,Credit,Room 350,"Yogurt - Peach, 175 Gr"
Lisa Dysart,ldysart55@hexun.com,10/22/2023,26.24,Credit Card,17th Floor,Iced Tea Concentrate
Alexa Gribbins,agribbins56@un.org,9/7/2023,739.08,Credit Card,Suite 83,Rosemary - Fresh
Dyann Lages,dlages57@blogs.com,12/12/2023,484.62,Credit,8th Floor,Cheese - Cream Cheese
Hamlen Millom,hmillom58@icq.com,11/30/2023,808.72,Credit Card,9th Floor,Milk - Chocolate 500ml
Dimitri Kloska,dkloska59@stumbleupon.com,8/17/2023,204.01,DC,Apt 1086,Langers - Mango Nectar
Madalena Pickover,mpickover5a@e-recht24.de,2/7/2024,985.58,DC,Suite 63,Bagel - Plain
Lesly Tadlow,ltadlow5b@mediafire.com,4/3/2023,23.15,DC,PO Box 6575,Eggplant Oriental
Eli Sparhawk,esparhawk5c@purevolume.com,3/3/2024,532.67,Debit,6th Floor,Apricots - Dried
Valenka Frape,vfrape5d@plala.or.jp,6/19/2023,941.62,Credit Card,Room 1025,Beans - Butter Lrg Lima
Auguste Lening,alening5e@mlb.com,7/15/2023,927.45,Debit Card,PO Box 16906,Chicken - Whole Roasting
Billi Dowdeswell,bdowdeswell5f@ox.ac.uk,3/2/2024,913.35,Debit Card,Suite 99,Cookie Double Choco
Maura Newburn,mnewburn5g@ning.com,4/24/2023,75.56,Debit,18th Floor,Jicama
Marla Peele,mpeele5h@ocn.ne.jp,11/23/2023,598.21,Debit Card,12th Floor,Cornstarch
Gaynor Snoxall,gsnoxall5i@economist.com,2/3/2024,568.88,Debit Card,Room 1208,Kolrabi
Marc Serchwell,mserchwell5j@vimeo.com,8/6/2023,194.4,Debit,Suite 70,Mix - Cocktail Strawberry Daiquiri
Ortensia Torel,otorel5k@tumblr.com,3/6/2024,423.4,Credit,PO Box 21797,Ecolab - Balanced Fusion
Torey MacAfee,tmacafee5l@g.co,4/5/2023,546.06,CC,PO Box 79573,Cookie Dough - Oatmeal Rasin
Oswell Zarfati,ozarfati5m@businesswire.com,2/3/2024,271.26,Debit Card,Suite 51,Pork - Ground
Yelena Grzesiewicz,ygrzesiewicz5n@feedburner.com,9/2/2023,799.38,Debit,Room 963,"Crab - Dungeness, Whole, live"
Janith Sharrard,jsharrard5o@sourceforge.net,3/7/2024,156.23,Debit,Suite 65,Energy Drink Bawls
Noble Vaud,nvaud5p@china.com.cn,1/10/2024,657.67,Credit,PO Box 60583,Bacardi Breezer - Strawberry
Keith Pawlick,kpawlick5q@de.vu,3/1/2024,280.02,DC,Apt 1758,Tomatoes - Roma
Cheryl Craddy,ccraddy5r@etsy.com,11/8/2023,328.79,CC,Room 403,Cheese - St. Paulin
Gearalt Adderson,gadderson5s@toplist.cz,7/17/2023,365.43,Credit,Suite 77,Sprite - 355 Ml
Elga Heartfield,eheartfield5t@netvibes.com,12/16/2023,303.76,CC,4th Floor,Wine - Chablis J Moreau Et Fils
Jerad Ventris,jventris5u@livejournal.com,10/15/2023,814.5,Credit Card,Suite 26,Juice - Orange
Agosto Madle,amadle5v@google.it,2/23/2024,186.15,Debit,Apt 398,Veal - Osso Bucco
Bennie Larvor,blarvor5w@google.es,10/11/2023,278.24,Debit Card,Apt 796,Prunes - Pitted
Heda De Freyne,hde5x@ucla.edu,2/18/2024,615.49,Debit,7th Floor,Black Currants
Misti Halbord,mhalbord5y@msu.edu,1/13/2024,875.38,CC,Room 1974,Cornstarch
Herta Kermitt,hkermitt5z@hugedomains.com,1/19/2024,74.09,Debit Card,Suite 17,Country Roll
Alair Helmke,ahelmke60@feedburner.com,3/3/2024,815.87,Debit,PO Box 86923,Pastry - Apple Large
Rebeca Keymar,rkeymar61@trellian.com,3/15/2024,358.15,CC,Apt 428,Wine - Beringer Founders Estate
Simone Linneman,slinneman62@japanpost.jp,7/21/2023,449.91,Debit Card,4th Floor,Chinese Foods - Plain Fried Rice
Flori Di Dello,fdi63@scientificamerican.com,2/4/2024,473.39,Debit Card,16th Floor,"Lamb - Shoulder, Boneless"
Davis Petrozzi,dpetrozzi64@timesonline.co.uk,3/15/2024,387.93,CC,Apt 1856,Spring Roll Wrappers
Juliann Janak,jjanak65@bloglines.com,2/24/2024,449.01,Credit Card,PO Box 16268,Longos - Assorted Sandwich
Antonella Brumbye,abrumbye66@smh.com.au,10/12/2023,189.12,Credit Card,Suite 24,Miso Paste White
Nevile Roddick,nroddick67@unesco.org,1/22/2024,728.74,Credit Card,PO Box 5599,Shrimp - Black Tiger 13/15
Addy Tremmel,atremmel68@walmart.com,10/16/2023,97.15,Debit Card,Apt 408,"Beans - Fava, Canned"
Raviv Yardley,ryardley69@google.com.hk,8/15/2023,121.43,Debit,PO Box 42509,Table Cloth 62x120 White
Gerri Duly,gduly6a@booking.com,8/27/2023,587.43,Debit Card,8th Floor,Soup Campbells Mexicali Tortilla
Denice Drewery,ddrewery6b@nifty.com,3/21/2024,917.35,CC,Room 685,Cup - Paper 10oz 92959
Danyette Kobieriecki,dkobieriecki6c@bloglines.com,5/24/2023,521.51,Debit Card,Room 1765,Fork - Plastic
Ginny Ellcock,gellcock6d@nba.com,8/22/2023,22.02,Credit,16th Floor,Schnappes Peppermint - Walker
Frankie Stockhill,fstockhill6e@msn.com,5/14/2023,648.6,Debit Card,2nd Floor,Coffee - Ristretto Coffee Capsule
Meade Hail,mhail6f@europa.eu,12/31/2023,100.46,Credit,Apt 586,Ham - Black Forest
Giovanni Danielou,gdanielou6g@icio.us,4/20/2023,307.12,CC,3rd Floor,Pie Shell - 5
Elston Graves,egraves6h@vistaprint.com,6/21/2023,792.92,DC,PO Box 46928,Longos - Grilled Salmon With Bbq
Junette Sykes,jsykes6i@theglobeandmail.com,12/30/2023,864.13,Debit Card,14th Floor,"Pork - Loin, Center Cut"
Efrem Dennitts,edennitts6j@multiply.com,11/14/2023,539.1,CC,17th Floor,Beer - Paulaner Hefeweisse
Rube Overlow,roverlow6k@google.com,10/17/2023,894.16,CC,Room 516,Potatoes - Peeled
Hamilton MacKimmie,hmackimmie6l@purevolume.com,8/18/2023,944.14,DC,4th Floor,Rootbeer
Mauricio Slowgrave,mslowgrave6m@youtu.be,12/2/2023,666.4,Credit,Apt 1799,Shallots
Stanfield Langabeer,slangabeer6n@wufoo.com,9/14/2023,973.71,Debit Card,Apt 1418,Bread - Malt
Edithe Davio,edavio6o@goodreads.com,5/19/2023,341.23,Credit,12th Floor,Shrimp - 100 / 200 Cold Water
Hettie Bute,hbute6p@gravatar.com,8/23/2023,,Debit,14th Floor,Fennel
Ashley Halliwell,ahalliwell6q@apache.org,3/25/2024,52.16,CC,PO Box 21162,Dried Cherries
Horatia Pray,hpray6r@furl.net,7/27/2023,923.41,DC,Suite 6,Port - 74 Brights
Hernando Pettendrich,hpettendrich6s@youtu.be,4/2/2023,385.08,DC,Suite 46,Cheese - Valancey
Harlan Blumfield,hblumfield6t@thetimes.co.uk,9/13/2023,5.43,Credit,7th Floor,Irish Cream - Butterscotch
Viva Espino,vespino6u@deviantart.com,11/20/2023,804.18,Credit,1st Floor,Appetizer - Tarragon Chicken
Brandy Hacon,bhacon6v@va.gov,12/6/2023,276.62,Debit Card,PO Box 55407,Temperature Recording Station
Isidor Gooderridge,igooderridge6w@domainmarket.com,1/15/2024,706.78,DC,Room 1954,Instant Coffee
Tom Kelsow,tkelsow6x@trellian.com,9/15/2023,589.89,Debit Card,PO Box 3193,Pasta - Canelloni
Anderson Sinson,asinson6y@theglobeandmail.com,2/1/2024,873.1,DC,3rd Floor,Juice - Ocean Spray Kiwi
Kaiser Staker,kstaker6z@barnesandnoble.com,5/19/2023,993.57,Debit,Apt 264,Foam Dinner Plate
Carley Furman,cfurman70@histats.com,7/8/2023,197.03,Debit,4th Floor,Tart - Raisin And Pecan
Giselle Beaman,gbeaman71@ft.com,9/18/2023,490.93,Credit,6th Floor,Lumpfish Black
Tobin Peasey,tpeasey72@shinystat.com,7/29/2023,740.52,Debit Card,Apt 245,Toamtoes 6x7 Select
Nan Newens,nnewens73@purevolume.com,2/17/2024,201.39,Credit Card,Suite 58,"Oil - Shortening,liqud, Fry"
Stewart Staples,sstaples74@thetimes.co.uk,4/21/2023,247.22,Credit,Room 1309,Rabbit - Legs
Kile Thowless,kthowless75@stumbleupon.com,11/9/2023,189.6,Debit,PO Box 25185,Ostrich - Prime Cut
Dionisio Stamp,dstamp76@slate.com,12/15/2023,546.84,Debit Card,Room 1832,"Pasta - Canelloni, Single Serve"
Kayle Langmead,klangmead77@merriam-webster.com,10/8/2023,815.24,Debit,Room 1312,Rabbit - Legs
Kaylyn Disdel,kdisdel78@wikipedia.org,6/17/2023,963.58,CC,Room 1064,Bread Ww Cluster
Inger Whittet,iwhittet79@furl.net,6/9/2023,889.8,DC,Suite 79,Puff Pastry - Sheets
Torry Casone,tcasone7a@sbwire.com,7/29/2023,78.78,CC,Room 23,Squash - Butternut
Hanna Doughartie,hdoughartie7b@newyorker.com,9/19/2023,628.19,CC,Room 984,Juice - Ocean Spray Kiwi
Pyotr Easterbrook,peasterbrook7c@behance.net,2/5/2024,662.53,Credit,Room 466,V8 Pet
Addie Dabernott,adabernott7d@shop-pro.jp,2/25/2024,665.34,Debit Card,15th Floor,Muffin - Banana Nut Individual
Saba Decent,sdecent7e@lulu.com,2/2/2024,644.78,Debit Card,Room 31,Yams
Ainsley Di Franceschi,adi7f@noaa.gov,8/11/2023,881.25,Credit,Suite 60,Contreau
Lexi Townsley,ltownsley7g@stanford.edu,8/27/2023,259.24,Debit,PO Box 40290,Water - Evian 355 Ml
Benjy Malthus,bmalthus7h@google.com.hk,7/17/2023,933.45,Credit Card,Room 161,Wakami Seaweed
Carina Proschke,cproschke7i@posterous.com,8/19/2023,923.43,DC,Apt 203,Extract - Almond
Patience Juggins,pjuggins7j@g.co,11/25/2023,20.09,Credit Card,17th Floor,Cheese - Le Cru Du Clocher
Paul Rontsch,prontsch7k@abc.net.au,4/24/2023,506.92,Credit,PO Box 44930,Munchies Honey Sweet Trail Mix
Edeline Goodrum,egoodrum7l@163.com,3/23/2024,238.29,Debit Card,PO Box 48163,Muffin Batt - Choc Chk
Millisent Elloy,melloy7m@tripadvisor.com,7/29/2023,614.49,Credit,Room 1295,Wine - White Cab Sauv.on
Lindi Blazek,lblazek7n@theguardian.com,9/26/2023,231.76,DC,5th Floor,Butter Ripple - Phillips
James Wallworth,jwallworth7o@trellian.com,8/25/2023,686.21,Credit Card,PO Box 26713,"Quail - Whole, Bone - In"
Emelen Josum,ejosum7p@geocities.jp,10/24/2023,564.07,DC,Apt 1394,"Soup - Canadian Pea, Dry Mix"
Adella Duckerin,aduckerin7q@google.co.jp,3/17/2024,159.96,Debit Card,Apt 504,Rosemary - Fresh
Margret McGrady,mmcgrady7r@twitter.com,4/2/2023,904.9,DC,Apt 1352,Cheese - Cheddarsliced
Dimitry Crombleholme,dcrombleholme7s@sciencedirect.com,7/4/2023,710.56,Credit Card,PO Box 14753,Nantuket Peach Orange
Aimil Gaskell,agaskell7t@storify.com,8/29/2023,981.22,Credit Card,Room 248,Soup - Campbellschix Stew
Sherilyn Highwood,shighwood7u@seesaa.net,6/9/2023,849.3,DC,PO Box 31871,Lobster - Live
Boigie Toth,btoth7v@dot.gov,4/23/2023,419.0,Credit,Room 689,Mussels - Cultivated
Rickard Petrol,rpetrol7w@uiuc.edu,10/22/2023,850.17,Debit,Apt 1506,Danishes - Mini Cheese
Wilt Jacklin,wjacklin7x@globo.com,7/4/2023,371.08,Debit Card,Suite 76,Milk - 1%
Allissa Hodinton,ahodinton7y@quantcast.com,1/29/2024,685.93,Credit Card,Room 62,Chicken - Tenderloin
Christie McNea,cmcnea7z@nsw.gov.au,12/17/2023,621.77,Credit Card,Suite 61,Snapple Raspberry Tea
Teirtza Labet,tlabet80@163.com,4/16/2023,883.83,Credit,19th Floor,Ham - Virginia
Arlan Bangham,abangham81@cyberchimps.com,10/2/2023,626.88,Debit,Room 1386,Wine - Alsace Riesling Reserve
Logan Kennifeck,lkennifeck82@amazon.co.uk,8/4/2023,852.01,Credit,19th Floor,"Wine - Cahors Ac 2000, Clos"
Ailsun Melwall,amelwall83@goo.gl,9/7/2023,499.81,Credit,7th Floor,Glass - Juice Clear 5oz 55005
Oran Brundall,obrundall84@etsy.com,8/26/2023,7.16,,6th Floor,"Lid - High Heat, Super Clear"
Ezra Laugier,elaugier85@va.gov,3/28/2024,615.92,Credit,Apt 1199,"Wine - Magnotta, White"
Tessie Collick,tcollick86@sogou.com,2/16/2024,511.5,Credit Card,PO Box 19012,Trout - Smoked
Fidelity Fellenor,ffellenor87@example.com,8/12/2023,441.89,Debit Card,Suite 38,Blueberries - Frozen
Garrik Taudevin,gtaudevin88@phoca.cz,12/24/2023,585.22,Credit,Room 537,Dome Lid Clear P92008h
Ashil Skures,askures89@webnode.com,10/12/2023,125.7,,12th Floor,Muffin Batt - Blueberry Passion
Alisha Yate,ayate8a@privacy.gov.au,7/15/2023,610.61,Debit Card,PO Box 34971,Steam Pan - Half Size Deep
Lowrance Lawes,llawes8b@typepad.com,9/19/2023,493.89,DC,PO Box 77364,Soup - Chicken And Wild Rice
Annabal Rewbottom,arewbottom8c@google.com,3/17/2024,696.56,Credit,12th Floor,Coffee - Frthy Coffee Crisp
Patton Edwardes,pedwardes8d@spotify.com,1/2/2024,98.19,DC,20th Floor,Sobe - Cranberry Grapefruit
Petronille Duffett,pduffett8e@npr.org,11/25/2023,316.35,Debit Card,Room 1017,Wine - Baron De Rothschild
Ossie Braidford,obraidford8f@oakley.com,10/18/2023,982.06,DC,14th Floor,Irish Cream - Butterscotch
Cece Colville,ccolville8g@nifty.com,10/25/2023,,Debit Card,Room 1209,Blueberries
Beltran Mannakee,bmannakee8h@cbc.ca,8/14/2023,786.47,CC,PO Box 11373,Soup - French Onion
Inga Crotty,icrotty8i@hugedomains.com,9/23/2023,418.25,Debit,PO Box 17795,Coffee - Almond Amaretto
Dael Hugnet,dhugnet8j@booking.com,2/28/2024,380.71,Debit Card,Suite 80,Sugar - Monocystal / Rock
Carter Ceyssen,cceyssen8k@fema.gov,5/11/2023,156.5,Debit,Room 1935,Puff Pastry - Sheets
Charmain Scard,cscard8l@berkeley.edu,8/4/2023,646.54,Debit,Room 65,Jack Daniels
Ernesta Losty,elosty8m@ovh.net,1/14/2024,855.12,Debit,13th Floor,Seedlings - Clamshell
Antony Tryhorn,atryhorn8n@oakley.com,9/21/2023,694.82,CC,8th Floor,Turnip - Mini
Casi Jales,cjales8o@gravatar.com,8/20/2023,332.62,Credit Card,Apt 563,"Oil - Shortening,liqud, Fry"
Giuseppe Message,gmessage8p@amazon.co.jp,8/30/2023,612.57,Debit Card,Apt 635,Soup - Campbells Beef Stew
Royall Pala,rpala8q@51.la,12/4/2023,386.6,Debit,Room 494,Muffin - Carrot Individual Wrap
Gabriel Ipgrave,gipgrave8r@sciencedirect.com,10/23/2023,174.44,Credit Card,Apt 1014,Ginsing - Fresh
Ralf Figiovanni,rfigiovanni8s@archive.org,7/23/2023,196.66,DC,Suite 7,Flower - Dish Garden
Averyl Dolbey,adolbey8t@lulu.com,8/16/2023,549.25,Debit Card,Apt 1972,Veal - Provimi Inside
Pierson Southcombe,psouthcombe8u@livejournal.com,6/10/2023,946.75,Debit,Apt 1958,Bagel - Everything Presliced
Ki O'Mara,komara8v@ning.com,6/5/2023,792.8,Credit,PO Box 55680,Turkey - Ground. Lean
Yorke Sambidge,ysambidge8w@toplist.cz,12/18/2023,981.65,Credit Card,Room 295,Scrubbie - Scotchbrite Hand Pad
Alicea Aggio,aaggio8x@jigsy.com,12/29/2023,714.33,Credit Card,Suite 38,Wine - Charddonnay Errazuriz
Joyan Cursey,jcursey8y@marriott.com,2/17/2024,750.69,Credit Card,Apt 336,Glass Clear 8 Oz
Lenard Hebden,lhebden8z@goodreads.com,6/29/2023,286.77,Credit,Apt 1767,Beer - Creemore
Nannie Shufflebotham,nshufflebotham90@ibm.com,2/11/2024,117.93,DC,13th Floor,Pepper - Cubanelle
Rosaline Strathman,rstrathman91@wix.com,2/8/2024,757.79,Credit,PO Box 58862,Chinese Foods - Chicken
Brear Stanhope,bstanhope92@nhs.uk,4/12/2023,804.58,Credit Card,PO Box 60860,Silicone Parch. 16.3x24.3
Andrew Fibben,afibben93@scribd.com,7/7/2023,660.29,CC,1st Floor,Garbage Bag - Clear
Murielle Maskell,mmaskell94@taobao.com,3/18/2024,718.01,Debit,3rd Floor,Pork - Suckling Pig
Terrye Brugemann,tbrugemann95@google.com,2/27/2024,425.81,DC,Apt 977,Cafe Royale
Clarence Goggey,cgoggey96@sciencedaily.com,8/11/2023,234.05,Debit Card,20th Floor,Bread - Mini Hamburger Bun
Anita MacShirrie,amacshirrie97@barnesandnoble.com,6/20/2023,878.86,Debit,Apt 899,Beef - Tenderloin
Doralia Huckfield,dhuckfield98@fema.gov,11/13/2023,984.08,Debit Card,PO Box 56121,Peas - Frozen
Thor Ruffler,truffler99@skype.com,9/29/2023,267.02,Credit Card,12th Floor,Pastry - Baked Cinnamon Stick
Gray Guilloton,gguilloton9a@printfriendly.com,5/11/2023,620.62,CC,1st Floor,"Tortillas - Flour, 8"
Samuele Bartlam,sbartlam9b@buzzfeed.com,1/26/2024,171.0,CC,PO Box 61047,Compound - Passion Fruit
Brad Pattie,bpattie9c@phoca.cz,5/27/2023,,Credit,12th Floor,"Pail - 15l White, With Handle"
Artemis Fuzzey,afuzzey9d@vkontakte.ru,12/10/2023,158.21,Credit,Room 846,Juice - Cranberry 284ml
Ludvig Skelbeck,lskelbeck9e@google.ru,7/7/2023,648.18,DC,Suite 39,"Apple - Delicious, Golden"
Gottfried Greasley,ggreasley9f@joomla.org,10/6/2023,543.45,Debit,Room 1862,Ice Cream - Chocolate
Mabel Cobelli,mcobelli9g@constantcontact.com,4/22/2023,526.73,Debit Card,PO Box 69825,Pears - Bosc
Kikelia Errichelli,kerrichelli9h@statcounter.com,1/9/2024,,Credit,Apt 1722,Sandwich Wrap
Gusella Mullins,gmullins9i@discuz.net,8/31/2023,156.21,Debit Card,Apt 881,Sauce - Mint
Rosemonde Ruckledge,rruckledge9j@virginia.edu,10/28/2023,298.29,Debit Card,Apt 2,Spaghetti Squash
Clareta Guitt,cguitt9k@digg.com,3/12/2024,80.96,Credit Card,PO Box 8786,Wanton Wrap
Cacilie Debow,cdebow9l@google.com.au,12/17/2023,506.69,Debit,17th Floor,Capon - Whole
Ariel Thormann,athormann9m@wsj.com,10/31/2023,566.46,Debit,Apt 844,Bacardi Limon
Effie Rooney,erooney9n@bbc.co.uk,7/10/2023,543.54,Credit Card,Suite 81,Cocoa Butter
Sollie Nash,snash9o@feedburner.com,10/2/2023,663.23,Debit Card,PO Box 38620,Toamtoes 6x7 Select
Lenna Kupisz,lkupisz9p@cocolog-nifty.com,3/5/2024,254.69,DC,PO Box 51511,Chivas Regal - 12 Year Old
Adena Bilsborrow,abilsborrow9q@i2i.jp,6/17/2023,415.88,Credit Card,PO Box 85787,Papayas
Quent Davenall,qdavenall9r@github.io,2/12/2024,36.38,Debit Card,Room 1657,Bread - White Mini Epi
Paddy Bernardez,pbernardez9s@slashdot.org,8/3/2023,225.22,,PO Box 96203,Wine - Fontanafredda Barolo
Sinclair Risbridger,srisbridger9t@mit.edu,2/13/2024,997.05,Debit Card,Room 1823,Container - Foam Dixie 12 Oz
Karolina Ravenshear,kravenshear9u@npr.org,10/3/2023,803.13,Credit,Suite 39,Extract - Rum
Kip Page,kpage9v@shareasale.com,3/3/2024,331.87,Debit Card,8th Floor,Wine - Chablis J Moreau Et Fils
Kearney Giampietro,kgiampietro9w@wikia.com,5/19/2023,549.98,DC,PO Box 92847,Lumpfish Black
Jennica Pretsel,jpretsel9x@arizona.edu,3/19/2024,926.31,Debit,Room 1138,Five Alive Citrus
Lenore Hyndley,lhyndley9y@archive.org,3/15/2024,727.55,Debit Card,PO Box 71846,Lemons
Shepard Randall,srandall9z@sitemeter.com,9/27/2023,590.61,CC,Apt 7,Waffle Stix
Hillard Pinnocke,hpinnockea0@prnewswire.com,8/5/2023,328.04,Credit,20th Floor,Appetizer - Shrimp Puff
Codee Simmonds,csimmondsa1@boston.com,5/22/2023,886.8,CC,Apt 1637,Sloe Gin - Mcguinness
Wilona Gollop,wgollopa2@blogger.com,4/16/2023,214.16,DC,Suite 31,Crackers - Soda / Saltins
Meagan Tolson,mtolsona3@craigslist.org,5/6/2023,248.7,Credit,PO Box 25756,Longos - Penne With Pesto
Helena Roeby,hroebya4@rediff.com,12/24/2023,325.92,CC,Room 1894,"Fish - Scallops, Cold Smoked"
Maegan Ivanshintsev,mivanshintseva5@dagondesign.com,10/13/2023,847.38,DC,14th Floor,Jolt Cola
Morgen Domino,mdominoa6@gmpg.org,1/10/2024,5.41,Debit Card,Apt 1540,Jolt Cola - Red Eye
Blaine Dunthorne,bdunthornea7@sfgate.com,9/16/2023,981.11,Debit,PO Box 1674,Goulash Seasoning
Marlo Stitson,mstitsona8@tuttocitta.it,11/25/2023,996.92,Credit Card,Apt 165,Leeks - Large
Kennie Curm,kcurma9@hexun.com,4/6/2023,969.84,Credit,Suite 23,Liners - Baking Cups
Kaye Jaimez,kjaimezaa@reddit.com,7/9/2023,866.77,,Room 1282,Sambuca Cream
Dean Benazet,dbenazetab@whitehouse.gov,2/26/2024,131.48,Debit,Room 1071,Table Cloth 91x91 Colour
Christye Ashfield,cashfieldac@google.com,7/29/2023,,Credit,Apt 178,Cactus Pads
Joyce Heeks,jheeksad@fotki.com,9/30/2023,685.5,CC,Suite 62,Shrimp - Black Tiger 6 - 8
Johnette Rolin,jrolinae@adobe.com,3/20/2024,8.78,Debit Card,Room 198,Alize Red Passion
Oswald Monks,omonksaf@arizona.edu,12/7/2023,505.89,Credit,Room 1580,Cookie - Dough Variety
Nicky Euston,neustonag@youku.com,1/14/2024,978.47,Credit,Room 1180,Corn Shoots
Ellis Birrell,ebirrellah@macromedia.com,4/4/2023,928.92,CC,11th Floor,Flour Dark Rye
Matthew Cush,mcushai@google.cn,11/6/2023,489.84,Debit Card,PO Box 98748,Bread Sour Rolls
Hildegarde Owbridge,howbridgeaj@xinhuanet.com,10/24/2023,552.43,Debit,PO Box 80262,Cookie Choc
Haroun Adnett,hadnettak@digg.com,10/21/2023,742.97,Debit Card,Apt 894,"Crab - Claws, Snow 16 - 24"
Kailey Shew,kshewal@tinyurl.com,10/29/2023,858.75,DC,2nd Floor,Wine - Redchard Merritt
Meyer Winterborne,mwinterborneam@wix.com,11/11/2023,38.93,Debit Card,Suite 33,Muffin Mix - Raisin Bran
Leonidas Jameson,ljamesonan@mozilla.com,2/5/2024,453.98,Debit,Suite 2,"Wine - White, Lindemans Bin 95"
Emmy Paiton,epaitonao@yelp.com,1/4/2024,813.4,Credit Card,PO Box 97155,"Doilies - 10, Paper"
Abbey Pittham,apitthamap@jugem.jp,5/17/2023,438.21,CC,13th Floor,Bread - Multigrain Oval
Joseph Peppin,jpeppinaq@google.fr,5/5/2023,298.39,DC,PO Box 9867,Pastry - Plain Baked Croissant
Selie Offa,soffaar@geocities.jp,3/16/2024,48.0,Debit Card,5th Floor,Tobasco Sauce
Dario Selbach,dselbachas@yandex.ru,9/26/2023,,Debit Card,Room 1348,Passion Fruit
Dimitri Balchin,dbalchinat@bloglovin.com,9/10/2023,424.36,Credit,PO Box 12794,Passion Fruit
Lance Romei,lromeiau@newyorker.com,5/31/2023,693.34,Debit Card,Suite 66,Wine - Chenin Blanc K.w.v.
Amber Newns,anewnsav@blogtalkradio.com,1/19/2024,428.53,Credit Card,Suite 80,Hot Choc Vending
Hy Vile,hvileaw@nhs.uk,6/20/2023,373.93,CC,PO Box 88726,V8 Pet
Fayette McGookin,fmcgookinax@shareasale.com,3/12/2024,857.43,,Room 683,Daves Island Stinger
Andriette Malmar,amalmaray@usda.gov,1/7/2024,111.63,Debit Card,10th Floor,Tomato - Peeled Italian Canned
Abie Legerwood,alegerwoodaz@jalbum.net,5/5/2023,328.46,Credit,9th Floor,Wine - Chablis 2003 Champs
Yolanda Elloway,yellowayb0@loc.gov,4/11/2023,607.28,CC,5th Floor,Soup Campbells
Cinnamon Rittmeyer,crittmeyerb1@sakura.ne.jp,1/11/2024,77.46,CC,Suite 62,Lemon Tarts
Brock Golsby,bgolsbyb2@shutterfly.com,6/24/2023,805.42,CC,Suite 29,Flour - Strong Pizza
Ezekiel Brandassi,ebrandassib3@edublogs.org,5/15/2023,,Debit Card,Apt 1650,Rosemary - Dry
Alia Perrinchief,aperrinchiefb4@dion.ne.jp,5/29/2023,811.93,Debit Card,17th Floor,Kahlua
Marcelia Bartoloma,mbartolomab5@dedecms.com,7/12/2023,905.79,Credit,Room 1702,Puree - Mocha
Marilee Rutland,mrutlandb6@earthlink.net,5/8/2023,673.14,Debit Card,Apt 1794,Syrup - Monin - Passion Fruit
Agatha Bilbie,abilbieb7@last.fm,7/16/2023,15.96,CC,PO Box 12048,Tomatoes - Heirloom
Fayre Moreman,fmoremanb8@tumblr.com,10/24/2023,909.8,CC,PO Box 93759,Bread - Raisin Walnut Oval
Jefferson Hardington,jhardingtonb9@w3.org,7/20/2023,590.19,Debit Card,Suite 34,Crackers - Melba Toast
Roth Seedull,rseedullba@shinystat.com,2/15/2024,859.06,Credit Card,PO Box 9296,Shrimp - 31/40
Drusy Hixson,dhixsonbb@smugmug.com,6/24/2023,350.04,Debit Card,Apt 1642,Chips Potato Reg 43g
Nalani Grzeszczak,ngrzeszczakbc@reddit.com,7/22/2023,393.9,CC,Suite 87,"Juice - Cranberry, 341 Ml"
Constanta Bohike,cbohikebd@youtube.com,6/16/2023,345.25,Debit Card,Suite 52,Butter - Unsalted
Reena Vardie,rvardiebe@ftc.gov,8/5/2023,823.84,Credit Card,Suite 71,Rice - Wild
Sayre McCree,smccreebf@bizjournals.com,1/30/2024,595.5,DC,Apt 1613,Mcguinness - Blue Curacao
Gerhardt Dotson,gdotsonbg@blogtalkradio.com,5/15/2023,373.92,DC,Suite 88,Pickles - Gherkins
Octavia Bellee,obelleebh@moonfruit.com,3/8/2024,107.46,Debit Card,1st Floor,Muffin - Mix - Mango Sour Cherry
Gloriana Jancso,gjancsobi@usatoday.com,1/24/2024,125.53,Credit Card,PO Box 25003,Ecolab - Hand Soap Form Antibac
Harlene Gregorowicz,hgregorowiczbj@devhub.com,3/9/2024,655.67,DC,Apt 1226,"Coke - Classic, 355 Ml"
Morlee Penk,mpenkbk@ustream.tv,4/16/2023,816.19,DC,Suite 95,"Dill - Primerba, Paste"
Raven Gamet,rgametbl@sogou.com,3/24/2024,402.25,Debit,Suite 23,Wine - Fat Bastard Merlot
Clare Tooley,ctooleybm@tamu.edu,8/21/2023,914.64,,1st Floor,Bread Bowl Plain
Griselda Cuzen,gcuzenbn@yahoo.co.jp,3/25/2024,947.46,Credit Card,PO Box 6161,Chinese Foods - Pepper Beef
Frazier Blowing,fblowingbo@zimbio.com,11/11/2023,747.65,CC,PO Box 43830,"Nut - Walnut, Pieces"
Poul Touhig,ptouhigbp@surveymonkey.com,12/18/2023,537.04,Debit Card,Suite 90,Sobe - Cranberry Grapefruit
Ania Miskimmon,amiskimmonbq@webmd.com,7/31/2023,662.94,Credit Card,Suite 59,Chocolate - Dark
Kiah Tudge,ktudgebr@stanford.edu,11/2/2023,458.36,Credit Card,Apt 1247,Peas - Frozen
Zeke Eouzan,zeouzanbs@va.gov,3/27/2024,775.01,CC,9th Floor,Carbonated Water - Orange
Allison Ensley,aensleybt@google.ru,4/10/2023,460.3,Debit,7th Floor,Bread - Bistro Sour
Darill Duckham,dduckhambu@un.org,12/9/2023,222.77,Debit,PO Box 18434,Coconut Milk - Unsweetened
Teena Simnor,tsimnorbv@zdnet.com,10/16/2023,924.92,DC,PO Box 49459,"Yogurt - Blueberry, 175 Gr"
Steve Stefi,sstefibw@diigo.com,7/25/2023,882.69,Credit Card,17th Floor,Bananas
Rina Dumbreck,rdumbreckbx@reddit.com,1/19/2024,289.44,DC,19th Floor,Towel - Roll White
Sibylle Dangl,sdanglby@huffingtonpost.com,11/6/2023,228.99,CC,Suite 27,Water - Green Tea Refresher
Conroy Larking,clarkingbz@youtu.be,1/10/2024,607.67,CC,Apt 1146,Drambuie
Romain Vasyutin,rvasyutinc0@google.com.br,5/24/2023,73.97,CC,Room 1480,Pie Pecan
Elsie MacKibbon,emackibbonc1@feedburner.com,2/3/2024,230.78,DC,Apt 609,"Chestnuts - Whole,canned"
Tate Klulisek,tklulisekc2@shutterfly.com,4/9/2023,177.93,Debit Card,Suite 57,Soup - Campbells
Rhody Fanstone,rfanstonec3@topsy.com,10/5/2023,938.07,Credit,20th Floor,"Rum - Coconut, Malibu"
Sissie Simmonett,ssimmonettc4@pen.io,5/15/2023,540.78,Credit Card,PO Box 41306,Basil - Pesto Sauce
Juliette Joannet,jjoannetc5@bloglines.com,2/3/2024,875.14,Debit Card,Room 900,Sole - Iqf
Haleigh Benedidick,hbenedidickc6@ask.com,6/1/2023,886.12,Debit Card,3rd Floor,Chicken - White Meat With Tender
Aurilia Kroin,akroinc7@opensource.org,9/25/2023,701.23,Credit Card,PO Box 54848,Vinegar - Red Wine
Novelia Stedell,nstedellc8@qq.com,1/12/2024,430.36,DC,Suite 77,Wine - Puligny Montrachet A.
Amberly Rider,ariderc9@mashable.com,9/4/2023,111.24,Credit,20th Floor,Cocoa Butter
Julee Galier,jgalierca@ebay.com,1/10/2024,307.16,CC,Apt 866,Smirnoff Green Apple Twist
Stormie Brolan,sbrolancb@macromedia.com,4/1/2023,405.82,Debit,PO Box 5435,Table Cloth 91x91 Colour
Adi Christofides,achristofidescc@blogspot.com,12/24/2023,490.29,Credit,Suite 98,Carbonated Water - Blackberry
Jonis Izhakov,jizhakovcd@4shared.com,10/21/2023,643.88,Credit Card,5th Floor,Tart - Butter Plain Squares
Jacklyn Kerfoot,jkerfootce@wired.com,7/21/2023,500.08,Credit,PO Box 27487,Kiwi
Jania Weafer,jweafercf@taobao.com,7/8/2023,205.71,Credit,Apt 744,Kiwi
Deloria Ledstone,dledstonecg@shutterfly.com,7/31/2023,635.94,DC,Room 1822,Bagel - Plain
Nikolas Collocott,ncollocottch@umn.edu,8/13/2023,603.82,Debit Card,Apt 512,"Cheese - Cheddar, Medium"
Gustave Siggs,gsiggsci@ow.ly,10/26/2023,368.05,Debit Card,Room 1788,Tomatoes Tear Drop Yellow
Keenan Wanek,kwanekcj@odnoklassniki.ru,6/11/2023,124.03,Debit Card,PO Box 87725,"Cheese - Havarti, Salsa"
Dickie Gytesham,dgyteshamck@slideshare.net,5/11/2023,457.57,CC,Apt 1315,Spice - Paprika
Walker Swire,wswirecl@seattletimes.com,12/25/2023,297.24,Credit Card,9th Floor,Pear - Halves
Had Ripsher,hripshercm@omniture.com,10/20/2023,108.51,Debit,Suite 52,Onions - Red
Sidney Belliss,sbellisscn@fc2.com,7/4/2023,723.7,Credit Card,11th Floor,Cookies - Englishbay Oatmeal
Vachel Arbon,varbonco@tuttocitta.it,5/30/2023,258.56,Debit Card,Apt 1959,Table Cloth 81x81 Colour
Damara Burgh,dburghcp@weebly.com,9/6/2023,828.39,,PO Box 71489,Lettuce - Boston Bib - Organic
Sara-ann Kerfut,skerfutcq@time.com,7/12/2023,345.72,DC,Apt 1806,Garbage Bags - Clear
Monique Setterthwait,msetterthwaitcr@dot.gov,4/30/2023,499.94,DC,14th Floor,Pickle - Dill
Silvan Toderbrugge,stoderbruggecs@phoca.cz,11/10/2023,765.74,CC,PO Box 13918,Vaccum Bag - 14x20
Boycey Budget,bbudgetct@yandex.ru,2/18/2024,158.25,Credit Card,Suite 19,Wine - Touraine Azay - Le - Rideau
Dennis Sillwood,dsillwoodcu@opera.com,7/16/2023,,Debit,Suite 83,Mussels - Frozen
Terese Brewers,tbrewerscv@paypal.com,2/6/2024,705.99,Credit,Suite 39,Beans - Wax
Babbette Bantham,bbanthamcw@nasa.gov,2/29/2024,844.96,DC,PO Box 16315,"Wine - Red, Mouton Cadet"
Burch Garatty,bgarattycx@drupal.org,2/26/2024,93.06,Credit Card,PO Box 24005,Muffin Chocolate Individual Wrap
Konstantin Minney,kminneycy@com.com,11/18/2023,913.12,CC,Suite 48,Beer - Camerons Cream Ale
Timmy Lapthorn,tlapthorncz@netvibes.com,1/12/2024,951.2,Credit Card,6th Floor,Puree - Guava
Evelina Pellant,epellantd0@merriam-webster.com,8/14/2023,823.0,Debit,9th Floor,Cups 10oz Trans
Caril Briand,cbriandd1@domainmarket.com,9/26/2023,974.65,CC,Room 1509,"Olives - Green, Pitted"
Sanford Awde,sawded2@businesswire.com,11/14/2023,493.35,Credit,Suite 51,Sauce - Chili
Enrico Smissen,esmissend3@skype.com,4/20/2023,298.25,Debit Card,PO Box 54539,Beef - Top Sirloin
Owen Bamlett,obamlettd4@nps.gov,12/17/2023,295.41,Debit Card,Room 1177,Pancetta
Judon Sherwill,jsherwilld5@engadget.com,11/23/2023,687.34,Debit,PO Box 96672,Cotton Wet Mop 16 Oz
Cathlene Hedon,chedond6@stumbleupon.com,12/22/2023,717.71,Debit Card,Apt 184,"Roe - Lump Fish, Red"
Madelon Kildea,mkildead7@baidu.com,9/28/2023,764.59,CC,10th Floor,Towel Dispenser
Enrichetta Letten,elettend8@t.co,11/14/2023,279.12,Debit Card,1st Floor,Cookies - Englishbay Chochip
Elliot Epps,eeppsd9@dropbox.com,11/14/2023,117.67,Credit,PO Box 50450,Carroway Seed
Chevy Britner,cbritnerda@typepad.com,11/12/2023,917.85,DC,Suite 8,Soup - Campbells Chili Veg
Pearle Bayston,pbaystondb@nsw.gov.au,8/6/2023,848.91,CC,PO Box 68706,Squid - Tubes / Tenticles 10/20
Melody Sisse,msissedc@redcross.org,10/1/2023,312.62,Debit,Suite 50,Container Clear 8 Oz
Boote Duckhouse,bduckhousedd@ovh.net,7/11/2023,424.33,Credit Card,PO Box 56132,"Chilli Paste, Ginger Garlic"
Clarie Dent,cdentde@stanford.edu,11/30/2023,95.06,Credit,Apt 959,Hipnotiq Liquor
Dasie Soares,dsoaresdf@mozilla.org,3/24/2024,948.06,Credit Card,Apt 114,Coconut Milk - Unsweetened
Kizzie Blencowe,kblencowedg@umn.edu,4/26/2023,858.73,Credit,Apt 1754,Toamtoes 6x7 Select
Demetra Goodredge,dgoodredgedh@jiathis.com,11/11/2023,86.81,Debit,Suite 10,"Quail - Eggs, Fresh"
Bev Hamprecht,bhamprechtdi@columbia.edu,12/14/2023,633.83,DC,Apt 282,Remy Red Berry Infusion
Dore Fourman,dfourmandj@amazon.co.uk,11/9/2023,312.7,Credit Card,Apt 925,Chip - Potato Dill Pickle
Chandler Hardingham,chardinghamdk@yelp.com,2/14/2024,633.07,Credit Card,PO Box 96931,Beef - Flank Steak
Humphrey Bissell,hbisselldl@un.org,6/11/2023,420.28,Credit,Room 1586,Steam Pan Full Lid
Gunilla Denekamp,gdenekampdm@toplist.cz,3/6/2024,54.01,Credit Card,PO Box 31138,Buttons
Brina Cowtherd,bcowtherddn@yellowbook.com,6/20/2023,326.37,CC,Room 43,Pork - Caul Fat
Shaun Gilchriest,sgilchriestdo@gmpg.org,6/28/2023,170.52,Debit Card,12th Floor,Soup - Cream Of Broccoli
Shaylyn Clemont,sclemontdp@fc2.com,5/21/2023,756.81,Credit,PO Box 67106,Grouper - Fresh
Ardenia Dowse,adowsedq@miibeian.gov.cn,3/7/2024,354.25,Debit Card,Room 808,Tofu - Firm
Stevena Syde,ssydedr@google.com.br,6/19/2023,169.85,Credit Card,1st Floor,"Stock - Veal, Brown"
Jeanelle Reijmers,jreijmersds@vkontakte.ru,9/30/2023,616.41,Credit,Room 4,"Juice - Clamato, 341 Ml"
Eddie Mattke,emattkedt@bbb.org,11/14/2023,265.98,Credit Card,Apt 1146,Salmon - Sockeye Raw
Sidney Cubbino,scubbinodu@shinystat.com,6/28/2023,318.32,Debit Card,PO Box 10856,Apricots - Halves
Geralda Harm,gharmdv@de.vu,9/1/2023,179.64,CC,Apt 1417,"Syrup - Golden, Lyles"
Karrah Freeburn,kfreeburndw@furl.net,12/14/2023,354.51,Credit Card,Apt 95,"Ecolab - Orange Frc, Cleaner"
Rowena Frary,rfrarydx@addtoany.com,2/10/2024,887.74,DC,Apt 962,Cauliflower
Niko Bauchop,nbauchopdy@rakuten.co.jp,5/19/2023,946.32,Credit,Suite 23,Wine - Chenin Blanc K.w.v.
Vilhelmina Vowles,vvowlesdz@illinois.edu,2/11/2024,523.16,Debit,Room 1690,Dc Hikiage Hira Huba
Eal Assard,eassarde0@goodreads.com,3/16/2024,131.62,Credit,Suite 65,Butcher Twine 4r
Archy Beevens,abeevense1@unicef.org,4/12/2023,103.34,DC,Apt 219,Wine - Cotes Du Rhone Parallele
Cherri Dyer,cdyere2@disqus.com,8/5/2023,772.86,Debit Card,11th Floor,"Cheese - Brie,danish"
Haslett Basezzi,hbasezzie3@desdev.cn,5/1/2023,897.89,CC,4th Floor,Cookie Choc
Melisent Partridge,mpartridgee4@pinterest.com,5/31/2023,374.32,Debit Card,Room 1122,Mudslide
Yorke Freegard,yfreegarde5@linkedin.com,4/14/2023,691.53,,Suite 40,The Pop Shoppe - Lime Rickey
Nollie Wahner,nwahnere6@fc2.com,3/24/2024,673.24,CC,19th Floor,Rabbit - Whole
Gunner Wiskar,gwiskare7@ovh.net,1/10/2024,284.05,Debit Card,Apt 1633,Grapefruit - White
Lara Rodenburg,lrodenburge8@photobucket.com,1/8/2024,823.54,Credit,Apt 1776,Lettuce Romaine Chopped
Jammie Dingsdale,jdingsdalee9@mozilla.org,11/1/2023,940.5,DC,Suite 95,"Rum - Spiced, Captain Morgan"
Adaline Jakoviljevic,ajakoviljevicea@tamu.edu,7/22/2023,283.06,CC,3rd Floor,Chocolate Bar - Oh Henry
Benita Huggins,bhugginseb@example.com,3/25/2024,132.81,Credit,PO Box 14604,Browning Caramel Glace
Joana Durbin,jdurbinec@lulu.com,4/16/2023,433.86,CC,PO Box 90794,Tamarillo
Abner Petrak,apetraked@exblog.jp,12/8/2023,53.16,Credit Card,Suite 66,"Cheese - Havarti, Salsa"
Elizabet Letterese,elettereseee@creativecommons.org,1/12/2024,31.43,Credit,12th Floor,Chef Hat 25cm
Noe Plumridege,nplumridegeef@4shared.com,10/5/2023,834.1,DC,Apt 640,"Juice - Clamato, 341 Ml"
Raquel Bassford,rbassfordeg@businessweek.com,9/5/2023,149.31,Credit,Suite 51,Scampi Tail
Aloin Scrannage,ascrannageeh@cmu.edu,4/7/2023,527.88,Credit Card,Room 318,Appetizer - Shrimp Puff
Alberto Linskill,alinskillei@facebook.com,2/1/2024,731.24,Debit,Suite 64,Veal - Knuckle
Maia Flaxon,mflaxonej@biblegateway.com,1/26/2024,248.33,Credit,Apt 1252,Flavouring - Rum
Abbe Knightly,aknightlyek@mozilla.org,3/13/2024,,Debit,Room 1138,Snapple Lemon Tea
Fiann Shoebrook,fshoebrookel@homestead.com,5/4/2023,403.02,Credit Card,Room 1824,Filo Dough
Simonne Gadney,sgadneyem@dropbox.com,7/18/2023,422.49,CC,Apt 1157,Sauce - Oyster
Burg Peers,bpeersen@indiegogo.com,7/27/2023,30.39,DC,Room 92,Pear - Asian
Scarface Ling,slingeo@instagram.com,12/19/2023,331.76,Debit Card,Room 609,Lobster - Base
Rafe Heinrici,rheinriciep@oaic.gov.au,6/16/2023,675.58,Credit,Apt 324,Bagelers - Cinn / Brown
Desmund Pudney,dpudneyeq@answers.com,11/10/2023,62.83,Debit,Room 307,Lettuce Romaine Chopped
Bamby Itzcovichch,bitzcovichcher@wufoo.com,5/19/2023,768.53,Credit Card,Suite 83,"Oil - Olive, Extra Virgin"
Michell Lorens,mlorenses@yale.edu,10/25/2023,213.96,Debit Card,Suite 53,"Wine - Saint - Bris 2002, Sauv"
Viki Ellis,velliset@163.com,3/15/2024,164.56,Debit Card,PO Box 87936,Cheese - Gouda Smoked
Cassaundra Bellefonte,cbellefonteeu@psu.edu,11/24/2023,714.59,DC,Apt 1317,Beer - Sleeman Fine Porter
Rossy Illyes,rillyesev@thetimes.co.uk,5/16/2023,430.21,Debit Card,PO Box 19875,"Marjoram - Dried, Rubbed"
Mathian Braban,mbrabanew@live.com,5/11/2023,464.45,Credit Card,Room 510,Salt - Seasoned
Henryetta Scothorne,hscothorneex@china.com.cn,9/23/2023,490.61,Credit,19th Floor,"Soup - Knorr, Classic Can. Chili"
Hervey Shotbolt,hshotboltey@usatoday.com,7/14/2023,316.49,Debit Card,Apt 361,Oysters - Smoked
Riki Crole,rcroleez@qq.com,5/31/2023,517.38,Credit,PO Box 94815,Jerusalem Artichoke
Roxie Kleimt,rkleimtf0@sohu.com,9/10/2023,824.63,Debit Card,Apt 701,Appetizer - Assorted Box
Urban Jentges,ujentgesf1@salon.com,8/27/2023,226.98,DC,19th Floor,"Tart Shells - Savory, 2"
Clerkclaude Peres,cperesf2@scientificamerican.com,4/6/2023,739.57,Credit Card,Room 1181,Wasabi Paste
Mattie Klaggeman,mklaggemanf3@wp.com,3/1/2024,424.59,Debit,12th Floor,Cake - Miini Cheesecake Cherry
Emmye Kersley,ekersleyf4@uiuc.edu,3/10/2024,273.86,CC,Apt 1273,"Tomatoes - Vine Ripe, Yellow"
Georgianne Gawthrop,ggawthropf5@hexun.com,3/4/2024,307.81,Debit Card,18th Floor,Cumin - Whole
Charlotte Widocks,cwidocksf6@narod.ru,1/21/2024,626.2,Debit,Apt 814,Chicken - White Meat With Tender
Lindon Tallowin,ltallowinf7@123-reg.co.uk,6/29/2023,328.59,Debit,13th Floor,Prunes - Pitted
Stephi McMillam,smcmillamf8@technorati.com,5/19/2023,900.15,Debit,3rd Floor,Muffin Batt - Ban Dream Zero
Melesa Samwayes,msamwayesf9@sitemeter.com,8/21/2023,233.14,Debit,PO Box 40740,Salami - Genova
Quintin Sabine,qsabinefa@github.io,11/20/2023,15.78,Credit,Suite 34,Ice Cream - Strawberry
Viv Pyke,vpykefb@samsung.com,6/21/2023,647.83,Debit,4th Floor,Chocolate - Milk
Bel Chomicki,bchomickifc@sfgate.com,4/14/2023,214.54,Debit Card,5th Floor,Petit Baguette
Dag Ricket,dricketfd@google.es,5/10/2023,227.71,Debit Card,Suite 88,Nantuket Peach Orange
Fabien Parkhouse,fparkhousefe@usda.gov,12/23/2023,455.74,Credit Card,PO Box 34930,Oysters - Smoked
Cos Folkes,cfolkesff@jugem.jp,10/25/2023,770.94,Debit,Suite 83,Coffee - Hazelnut Cream
Karalee Bunn,kbunnfg@rakuten.co.jp,4/24/2023,989.09,Credit,PO Box 15594,"Soup - Campbells, Cream Of"
Hollyanne Rosenauer,hrosenauerfh@reference.com,12/8/2023,621.06,Debit Card,Room 757,Quail - Jumbo
Lynnea Wiggett,lwiggettfi@cnn.com,7/18/2023,513.76,Credit Card,PO Box 8379,Grapes - Red
Rikki Todhunter,rtodhunterfj@dyndns.org,6/2/2023,886.55,DC,Suite 18,Tray - 12in Rnd Blk
Simmonds Gerran,sgerranfk@boston.com,10/15/2023,826.89,Credit Card,7th Floor,"Pepper - Black, Ground"
Cordelie McCombe,cmccombefl@alexa.com,2/6/2024,71.66,Debit,Room 327,Wine - Barbera Alba Doc 2001
Lexi Smithin,lsmithinfm@nps.gov,7/29/2023,808.93,Credit Card,Room 729,"Fish - Atlantic Salmon, Cold"
Hasty Naisey,hnaiseyfn@xrea.com,4/7/2023,688.88,Credit,4th Floor,Oil - Sunflower
Osbert Spikeings,ospikeingsfo@google.cn,10/23/2023,947.38,Credit Card,Apt 1470,Wine - Casablanca Valley
Bev Lomasna,blomasnafp@washington.edu,9/22/2023,647.34,Debit,PO Box 70179,Beef - Cow Feet Split
Marshal Gail,mgailfq@youtu.be,1/23/2024,826.65,DC,PO Box 50526,Coffee - 10oz Cup 92961
Mercedes Pitrasso,mpitrassofr@deviantart.com,8/7/2023,67.53,Credit Card,Suite 94,Juice - Orange 1.89l
Flo Neames,fneamesfs@about.me,12/18/2023,310.1,Credit Card,Apt 1897,"Rosemary - Primerba, Paste"
Stepha Dreelan,sdreelanft@latimes.com,3/22/2024,487.69,Credit Card,9th Floor,Sauce - Marinara
Caren Reihill,creihillfu@pinterest.com,2/3/2024,300.14,DC,Suite 99,Lotus Rootlets - Canned
Mortimer Fenck,mfenckfv@amazon.com,8/6/2023,389.09,Debit Card,Room 1567,Sword Pick Asst
Noach Snelgar,nsnelgarfw@apache.org,11/24/2023,518.57,Credit,PO Box 49547,Wine - Magnotta - Pinot Gris Sr
Garrick Robertet,grobertetfx@abc.net.au,11/25/2023,438.13,Debit Card,Room 1690,Relish
Gerta Tidman,gtidmanfy@fda.gov,4/17/2023,62.06,Credit,Suite 5,Plasticknivesblack
Sylvan Cossam,scossamfz@edublogs.org,2/5/2024,173.17,Debit,Apt 1156,Chips Potato Reg 43g
Uriel Garnsworthy,ugarnsworthyg0@nasa.gov,2/1/2024,713.56,CC,PO Box 52179,Flower - Daisies
Karylin Brusin,kbrusing1@weather.com,10/22/2023,730.31,Debit,Apt 1070,Horseradish Root
Emlen McGeady,emcgeadyg2@foxnews.com,10/7/2023,,DC,15th Floor,Soup Campbells - Tomato Bisque
Keslie Allawy,kallawyg3@sina.com.cn,5/28/2023,408.58,CC,Suite 56,Praline Paste
Carry Fontelles,cfontellesg4@vinaora.com,2/5/2024,443.56,Credit Card,Suite 54,Beer - Steamwhistle
Dorry Beardsworth,dbeardsworthg5@facebook.com,6/13/2023,793.98,Credit Card,Apt 1525,Lid - 3oz Med Rec
Dennie Sarre,dsarreg6@blogtalkradio.com,2/22/2024,588.1,Credit,Apt 817,Seedlings - Clamshell
Eydie Forrington,eforringtong7@businessweek.com,3/9/2024,755.46,DC,Apt 188,Cake - Miini Cheesecake Cherry
Claudelle Bletsoe,cbletsoeg8@wp.com,9/22/2023,968.32,Debit,PO Box 6840,Pork - European Side Bacon
Emmye Wildey,ewildeyg9@feedburner.com,12/3/2023,751.87,CC,Apt 741,Worcestershire Sauce
Lawrence Sagerson,lsagersonga@dyndns.org,12/14/2023,576.54,Credit Card,PO Box 22917,Beer - Steamwhistle
Phedra Neggrini,pneggrinigb@usatoday.com,9/21/2023,180.33,DC,Room 861,"Chestnuts - Whole,canned"
Gabey Chatainier,gchatainiergc@harvard.edu,1/6/2024,876.84,Debit Card,PO Box 8450,Turnip - Mini
Richmound Kulvear,rkulveargd@miitbeian.gov.cn,7/6/2023,154.81,Debit,Suite 56,Creme De Cacao Mcguines
Joyce Kembrey,jkembreyge@google.co.uk,11/29/2023,822.79,Credit,2nd Floor,Carbonated Water - Blackberry
Afton Phillott,aphillottgf@google.com.br,12/26/2023,763.43,Credit,Room 1181,Sugar - Individual Portions
Conrade Longshaw,clongshawgg@nytimes.com,7/4/2023,765.5,Credit,20th Floor,Tuna - Salad Premix
Ardelle Renfree,arenfreegh@hp.com,11/6/2023,584.97,Debit Card,Room 921,Coffee Caramel Biscotti
Dino Newgrosh,dnewgroshgi@uiuc.edu,12/26/2023,208.92,Credit,7th Floor,Pear - Prickly
Kathye Faulder,kfauldergj@theglobeandmail.com,10/15/2023,919.09,Debit,PO Box 1588,Beef Ground Medium
Jemmie Sharply,jsharplygk@opensource.org,2/14/2024,238.97,Credit,Room 1964,Island Oasis - Sweet And Sour Mix
Sammy Shinton,sshintongl@pen.io,5/17/2023,281.11,Debit,Suite 83,Chocolate Eclairs
Sapphire Mighele,smighelegm@xinhuanet.com,7/1/2023,,Debit,Apt 559,Grenadine
Curtice McDarmid,cmcdarmidgn@google.fr,11/29/2023,497.58,Debit,PO Box 6308,"Coffee - Beans, Whole"
Leelah Sharvill,lsharvillgo@ebay.co.uk,3/13/2024,233.07,CC,Apt 1930,Currants
Sammy Tite,stitegp@ehow.com,7/24/2023,914.08,Debit Card,PO Box 87678,Cheese - Mascarpone
Erda Tolomelli,etolomelligq@berkeley.edu,3/10/2024,581.21,DC,Suite 31,Dried Peach
Danita Madgwich,dmadgwichgr@cnbc.com,5/29/2023,302.86,CC,Room 993,"Pepper - White, Whole"
Xylina Midner,xmidnergs@friendfeed.com,11/2/2023,134.8,Debit,PO Box 78312,"Shrimp - 16/20, Peeled Deviened"
Scarface MacCoughen,smaccoughengt@instagram.com,4/16/2023,330.47,CC,Room 402,Spice - Chili Powder Mexican
Lexis Zanitti,lzanittigu@tamu.edu,8/28/2023,835.32,Debit,15th Floor,"Tea - Darjeeling, Azzura"
Julie Dehn,jdehngv@altervista.org,9/8/2023,441.04,Debit Card,Suite 1,Pastry - Carrot Muffin - Mini
Emerson Grishanov,egrishanovgw@mapquest.com,12/16/2023,310.9,Debit,PO Box 50001,"Beef - Rouladin, Sliced"
Balduin Guido,bguidogx@army.mil,8/24/2023,878.94,Debit Card,Room 771,Truffle - Whole Black Peeled
Ninnette Lintott,nlintottgy@indiegogo.com,7/31/2023,117.61,Debit,Apt 621,"Veal - Tenderloin, Untrimmed"
Valenka Chazelle,vchazellegz@pinterest.com,4/5/2023,448.21,Credit Card,Apt 133,Sauce Tomato Pouch
Orelee Rockall,orockallh0@constantcontact.com,7/22/2023,349.2,Debit,PO Box 46484,Pastry - Chocolate Chip Muffin
Cherie Riccardo,criccardoh1@linkedin.com,5/1/2023,510.17,Credit Card,Room 1481,"Fish - Base, Bouillion"
Beryle Crosgrove,bcrosgroveh2@eepurl.com,11/16/2023,120.06,Debit Card,Apt 1276,Sauce - Hp
Mahala Hopkins,mhopkinsh3@va.gov,6/25/2023,256.26,Credit Card,PO Box 64229,Vinegar - Champagne
Evey Brayn,ebraynh4@over-blog.com,7/2/2023,483.94,,Room 1851,"Olives - Green, Pitted"
Thane Dradey,tdradeyh5@tinypic.com,1/25/2024,468.17,DC,PO Box 19342,Ice Cream - Turtles Stick Bar
Dorthea Sparkes,dsparkesh6@oaic.gov.au,11/19/2023,367.16,Debit,PO Box 23462,Bamboo Shoots - Sliced
Misti Benedek,mbenedekh7@cdbaby.com,4/27/2023,360.84,Credit Card,PO Box 38661,Greens Mustard
Brander Dommersen,bdommersenh8@ox.ac.uk,5/27/2023,136.65,CC,PO Box 77288,Pears - Bartlett
Stephie Gronav,sgronavh9@dailymotion.com,12/17/2023,427.3,CC,Room 1516,Wine - Casillero Del Diablo
Fredric Tink,ftinkha@ehow.com,1/22/2024,267.26,DC,PO Box 55955,"Shrimp, Dried, Small / Lb"
Harlene McAusland,hmcauslandhb@creativecommons.org,5/31/2023,458.27,Debit Card,2nd Floor,Ice Cream Bar - Oreo Cone
Thorin Brierton,tbriertonhc@ucsd.edu,8/4/2023,153.63,Credit Card,Room 1946,Soup Campbells - Tomato Bisque
Barb Enriques,benriqueshd@list-manage.com,4/19/2023,396.61,CC,Apt 304,Table Cloth 53x69 White
Bealle Brosh,bbroshhe@github.com,7/13/2023,558.16,DC,Suite 15,Sausage - Andouille
Birdie Hallibone,bhallibonehf@columbia.edu,12/2/2023,119.35,Debit,4th Floor,Longos - Greek Salad
Arnoldo Baylis,abaylishg@soup.io,3/10/2024,957.15,Credit,Suite 5,Pineapple - Regular
Tarrah Seamans,tseamanshh@springer.com,9/7/2023,589.19,DC,6th Floor,"Beef - Chuck, Boneless"
Almeda Deguara,adeguarahi@diigo.com,11/19/2023,241.77,Debit Card,Apt 1661,Chambord Royal
Carole Whiff,cwhiffhj@51.la,1/19/2024,589.32,CC,Apt 1135,Flavouring - Orange
Hally Drinkall,hdrinkallhk@si.edu,11/13/2023,704.26,Debit Card,4th Floor,"Cod - Salted, Boneless"
Cory Vicker,cvickerhl@bloglovin.com,7/11/2023,949.17,Debit Card,16th Floor,Water - Evian 355 Ml
Marlow Sellstrom,msellstromhm@imdb.com,2/2/2024,764.08,Debit Card,Apt 1697,Curry Powder
Sigvard Gateland,sgatelandhn@reuters.com,7/15/2023,186.89,DC,11th Floor,Cherries - Fresh
Ellwood Ryal,eryalho@yandex.ru,2/25/2024,781.66,CC,Room 1717,Cilantro / Coriander - Fresh
Tull Dore,tdorehp@baidu.com,11/3/2023,315.6,Debit Card,Apt 1095,"Oil - Olive, Extra Virgin"
Gaspar Braden,gbradenhq@g.co,1/1/2024,225.4,Debit Card,PO Box 37990,Flour Dark Rye
Kelcy Trimmell,ktrimmellhr@cnbc.com,7/4/2023,298.77,Credit,Room 1438,"Turnip - White, Organic"
Frayda Barff,fbarffhs@aboutads.info,2/15/2024,863.97,Debit,Room 915,Muffin Hinge Container 6
Mason Tench,mtenchht@networkadvertising.org,10/26/2023,654.68,Credit,PO Box 35185,Cheese - St. Andre
Lorena Lauder,llauderhu@ifeng.com,9/10/2023,11.58,Credit Card,7th Floor,Cheese - Brie Roitelet
Lanita Glasspool,lglasspoolhv@nydailynews.com,8/23/2023,392.23,Credit,PO Box 84605,Pepper - Cayenne
Gage Sumpner,gsumpnerhw@nydailynews.com,7/6/2023,383.5,Credit Card,PO Box 66327,Salt And Pepper Mix - Black
Nil Duffan,nduffanhx@soundcloud.com,9/20/2023,919.57,Credit Card,Room 1587,Brandy - Bar
Shelbi Kilius,skiliushy@java.com,12/5/2023,129.11,Credit Card,7th Floor,"Rum - White, Gg White"
Hailee Allen,hallenhz@telegraph.co.uk,9/4/2023,593.65,CC,Suite 5,Miso - Soy Bean Paste
Sonja Sprowson,ssprowsoni0@wix.com,9/17/2023,454.17,CC,PO Box 55266,Oil - Cooking Spray
Shantee Crocker,scrockeri1@github.io,10/17/2023,56.01,Debit Card,20th Floor,"Lid - High Heat, Super Clear"
Scotti Lillicrop,slillicropi2@studiopress.com,3/26/2024,809.16,Debit,Room 1449,Melon - Honey Dew
Ninetta Pool,npooli3@mit.edu,4/24/2023,977.59,CC,Room 70,Wine - Clavet Saint Emilion
Billy Folk,bfolki4@1und1.de,9/23/2023,42.4,Credit Card,Suite 55,"Pork - Ham, Virginia"
Parnell Ledwidge,pledwidgei5@chron.com,11/1/2023,311.4,Credit,Apt 1306,Table Cloth 54x54 White
Velma Lurcock,vlurcocki6@usda.gov,3/15/2024,258.06,Credit Card,PO Box 26219,Muffin Mix - Morning Glory
Yule Glanert,yglanerti7@xing.com,9/20/2023,53.66,DC,Apt 760,Foil - Round Foil
Mace Scholte,mscholtei8@nhs.uk,12/27/2023,636.81,Credit Card,Room 429,Soup - Base Broth Chix
Lee Tallet,ltalleti9@washington.edu,8/31/2023,222.89,CC,17th Floor,"Salmon - Atlantic, Fresh, Whole"
Ahmed Alejandri,aalejandriia@timesonline.co.uk,6/1/2023,201.77,Credit,Apt 325,Nantuket Peach Orange
Clemmie Roder,croderib@umn.edu,2/12/2024,217.01,Debit Card,Suite 82,Lettuce - Baby Salad Greens
Jephthah Gatus,jgatusic@mapquest.com,9/26/2023,361.25,Debit Card,Room 1978,"Red Snapper - Fresh, Whole"
Maynard Jossum,mjossumid@bigcartel.com,10/27/2023,317.94,CC,Room 398,"Juice - Clam, 46 Oz"
Kathryn Kilminster,kkilminsterie@hhs.gov,3/22/2024,301.32,Credit Card,Apt 1083,Turnip - White
Rhodie Quadrio,rquadrioif@usatoday.com,7/8/2023,921.15,Debit,Suite 60,Vanilla Beans
Ronna Vell,rvellig@buzzfeed.com,4/10/2023,147.76,Credit Card,Room 1997,Sponge Cake Mix - Vanilla
Buckie Twinbrow,btwinbrowih@usatoday.com,4/17/2023,91.11,DC,Apt 1449,Squid - Breaded
Kirby Grimsell,kgrimsellii@blog.com,1/11/2024,862.95,Debit Card,Room 109,Bar Nature Valley
Jodie Ivakhno,jivakhnoij@illinois.edu,8/30/2023,419.08,,Suite 33,Buffalo - Striploin
Vern Lidgate,vlidgateik@unicef.org,9/13/2023,964.7,Debit Card,PO Box 17053,Oats Large Flake
Harrie Blackford,hblackfordil@github.io,7/1/2023,600.05,Credit Card,Suite 6,Olives - Stuffed
Quintin Trattles,qtrattlesim@ask.com,12/27/2023,829.2,Debit,8th Floor,Kiwi Gold Zespri
Arlinda Hassey,ahasseyin@berkeley.edu,9/14/2023,903.16,Credit,PO Box 76373,"Red Snapper - Fresh, Whole"
Cassandra Casa,ccasaio@miitbeian.gov.cn,5/13/2023,255.17,DC,Suite 12,Sprouts - Pea
Franni Strowan,fstrowanip@baidu.com,2/17/2024,800.5,Credit,Room 1401,Fennel
Aarika Chomicz,achomicziq@mashable.com,4/6/2023,458.28,Credit Card,Suite 60,Maintenance Removal Charge
Quinn Graddell,qgraddellir@yelp.com,7/7/2023,400.68,Debit Card,13th Floor,Sugar - Palm
Robyn Coomber,rcoomberis@com.com,2/28/2024,,Debit Card,Suite 4,Jolt Cola
Jonah Orrow,jorrowit@latimes.com,10/28/2023,479.32,Credit,PO Box 39604,Radish
Bobbie Desvignes,bdesvignesiu@illinois.edu,7/2/2023,293.07,DC,Apt 1767,Zucchini - Green
Lacie Roycroft,lroycroftiv@yelp.com,6/14/2023,422.82,Credit,PO Box 45399,Napkin Colour
Bonnibelle MacCaffrey,bmaccaffreyiw@cnn.com,7/24/2023,910.11,Credit Card,9th Floor,Tarragon - Fresh
Marijo Phidgin,mphidginix@cocolog-nifty.com,11/22/2023,278.18,Credit,PO Box 26967,Bread - Bistro White
Shir Lavies,slaviesiy@blogs.com,10/3/2023,941.61,Debit Card,17th Floor,Chevere Logs
Cinderella Ling,clingiz@bbc.co.uk,8/8/2023,,DC,Room 886,Cheese - Taleggio D.o.p.
Andrey Callister,acallisterj0@booking.com,3/13/2024,77.53,Debit Card,PO Box 15016,Bar Special K
Chevalier Waterhowse,cwaterhowsej1@netvibes.com,1/1/2024,178.81,DC,11th Floor,Chicken - Whole Roasting
Keeley Haggith,khaggithj2@newsvine.com,10/13/2023,445.43,Debit Card,Apt 987,Bread - Ciabatta Buns
Jannel Effemy,jeffemyj3@cloudflare.com,8/3/2023,999.22,Credit Card,PO Box 65696,The Pop Shoppe - Grape
Esme Paxforde,epaxfordej4@google.com,1/3/2024,209.93,CC,Apt 462,Everfresh Products
Aluin Hammerberger,ahammerbergerj5@bing.com,8/8/2023,388.88,CC,2nd Floor,Aspic - Amber
Trueman Purnell,tpurnellj6@xing.com,12/27/2023,317.45,Credit,8th Floor,Coffee Cup 16oz Foam
Lew Kivlin,lkivlinj7@github.com,2/9/2024,860.96,Debit,Suite 24,"Syrup - Monin, Irish Cream"
Dolly Pennick,dpennickj8@wired.com,1/17/2024,667.76,Credit Card,Room 1284,Container Clear 8 Oz
Violetta Passfield,vpassfieldj9@go.com,12/18/2023,325.36,DC,PO Box 25687,Versatainer Nc - 9388
Charlene Bickersteth,cbickerstethja@auda.org.au,11/9/2023,586.5,,Room 1760,Truffle Cups - Red
Alphonso Velez,avelezjb@blogspot.com,10/1/2023,749.25,DC,PO Box 708,Nantucket Apple Juice
Grannie Rozenzweig,grozenzweigjc@ucoz.com,5/31/2023,963.29,Debit Card,Apt 1128,Compound - Rum
Florenza Bartozzi,fbartozzijd@pcworld.com,12/14/2023,502.52,DC,Apt 1411,Beef - Tender Tips
Lionello O'Currane,locurraneje@imgur.com,7/8/2023,992.45,CC,4th Floor,Plums - Red
Hakim Lanbertoni,hlanbertonijf@noaa.gov,6/27/2023,921.35,Debit Card,5th Floor,Wine - Tio Pepe Sherry Fino
Lizzy Zielinski,lzielinskijg@prweb.com,3/27/2024,716.53,Debit Card,14th Floor,Pastry - Banana Tea Loaf
Dolorita Headly,dheadlyjh@ask.com,6/5/2023,126.83,Credit Card,Suite 37,Melon - Honey Dew
Alix Ramsted,aramstedji@sina.com.cn,9/16/2023,63.15,Credit Card,Room 1279,Pie Filling - Apple
Edd Armitage,earmitagejj@technorati.com,2/4/2024,216.31,Credit,Apt 247,Turkey Leg With Drum And Thigh
Britt Sperring,bsperringjk@japanpost.jp,3/1/2024,487.16,DC,Suite 11,Bread - Focaccia Quarter
Mikael Buddell,mbuddelljl@cbslocal.com,2/29/2024,756.59,Debit,Room 31,Beef - Tenderloin Tails
Fredrika Cartan,fcartanjm@berkeley.edu,1/22/2024,148.75,CC,Room 822,Lamb - Shanks
Ransell Spillard,rspillardjn@list-manage.com,1/11/2024,341.47,Debit,1st Floor,"Potatoes - Purple, Organic"
Delilah Paule,dpaulejo@google.pl,6/18/2023,781.53,DC,13th Floor,Chicken - White Meat With Tender
Early Clemmitt,eclemmittjp@moonfruit.com,8/27/2023,279.43,DC,Apt 1346,"Coffee - Colombian, Portioned"
Becca Giorgetti,bgiorgettijq@vk.com,10/29/2023,487.44,Debit Card,PO Box 55959,Gatorade - Fruit Punch
Giulio Overill,goverilljr@umn.edu,7/9/2023,662.86,Debit Card,Room 1463,Wine - Domaine Boyar Royal
Kat Cocklin,kcocklinjs@ovh.net,4/2/2023,825.64,Debit,PO Box 39688,"Pail - 15l White, With Handle"
Janel Lloyd,jlloydjt@cbc.ca,4/19/2023,34.04,,Suite 14,English Muffin
Israel Itzhaiek,iitzhaiekju@tripadvisor.com,3/25/2024,907.4,Debit,6th Floor,"Crab - Dungeness, Whole, live"
Eveleen Lightning,elightningjv@cargocollective.com,12/13/2023,417.64,Credit,12th Floor,Rice Paper
Steve Matthai,smatthaijw@cnet.com,8/15/2023,921.76,Debit,Room 942,"Iced Tea - Lemon, 460 Ml"
Lorettalorna Kinig,lkinigjx@imgur.com,12/9/2023,525.26,Debit,Apt 1921,Radish - Pickled
Layla Mulholland,lmulhollandjy@oracle.com,4/26/2023,826.55,DC,Suite 81,Tobasco Sauce
Aeriel Gladden,agladdenjz@woothemes.com,12/26/2023,369.48,Debit,Room 385,Pasta - Angel Hair
Kile Alabone,kalabonek0@odnoklassniki.ru,3/25/2024,15.38,DC,Apt 1538,"Chilli Paste, Hot Sambal Oelek"
Austin Krier,akrierk1@slate.com,12/29/2023,736.03,CC,Suite 89,"Tray - Foam, Square 4 - S"
Cash Deboo,cdebook2@joomla.org,3/1/2024,70.51,Debit,Apt 418,Graham Cracker Mix
Brett Gawkes,bgawkesk3@squarespace.com,4/4/2023,175.27,Credit,8th Floor,"Pork - Bacon,back Peameal"
Saw Doulden,sdouldenk4@mediafire.com,8/21/2023,909.0,Debit Card,Room 745,Sobe - Tropical Energy
Maribeth Decaze,mdecazek5@biglobe.ne.jp,7/22/2023,719.05,Credit Card,PO Box 71465,Bar Energy Chocchip
Beth Hancock,bhancockk6@sphinn.com,8/4/2023,642.94,DC,10th Floor,Pepper - Chili Powder
Brynne Matschek,bmatschekk7@mit.edu,5/7/2023,788.1,Debit Card,Suite 27,Smoked Tongue
Merrick Tixall,mtixallk8@php.net,10/13/2023,326.45,Debit,Apt 944,Bar Bran Honey Nut
Janek Goodband,jgoodbandk9@weibo.com,2/25/2024,14.7,CC,Apt 416,Island Oasis - Cappucino Mix
Lombard Lambert-Ciorwyn,llambertciorwynka@unicef.org,2/11/2024,848.1,CC,Room 608,Juice - Lagoon Mango
Denney Windus,dwinduskb@hp.com,11/3/2023,955.27,DC,PO Box 41438,Breadfruit
Morissa Deares,mdeareskc@booking.com,3/28/2024,369.04,Debit Card,Room 1025,Foie Gras
Cy Joan,cjoankd@amazonaws.com,3/28/2024,,,Apt 654,Wine - Toasted Head
Nikolos Hugnot,nhugnotke@mac.com,3/29/2024,136.28,Debit,PO Box 37591,Wine La Vielle Ferme Cote Du
Clementius Hadcroft,chadcroftkf@istockphoto.com,6/28/2023,634.52,Credit,3rd Floor,Wine - Balbach Riverside
Korie Daniel,kdanielkg@google.com.br,7/19/2023,598.88,Debit,Apt 958,Wine - Riesling Dr. Pauly
Hodge Danet,hdanetkh@blogspot.com,3/6/2024,804.22,DC,Suite 90,Assorted Desserts
Carleton Pengelly,cpengellyki@ezinearticles.com,10/14/2023,687.11,Credit,Suite 12,Propel Sport Drink
Zarah Bellino,zbellinokj@github.io,11/5/2023,697.76,CC,Apt 1107,Bar - Sweet And Salty Chocolate
Petronia Budibent,pbudibentkk@pbs.org,9/6/2023,552.79,DC,Room 604,"Quail - Eggs, Fresh"
Normie Sleaford,nsleafordkl@independent.co.uk,1/29/2024,630.42,CC,Suite 76,Muffin - Mix - Strawberry Rhubarb
Jermain Leroy,jleroykm@deviantart.com,9/20/2023,167.85,Credit Card,PO Box 88659,Bread - Corn Muffaleta Onion
Bernadina Balden,bbaldenkn@tamu.edu,2/5/2024,604.92,Debit Card,Room 1791,"Red Snapper - Fillet, Skin On"
Nadeen Dearlove,ndearloveko@dropbox.com,5/30/2023,887.9,Debit,Suite 88,Anchovy Paste - 56 G Tube
Ian Battie,ibattiekp@pbs.org,12/9/2023,676.05,Debit,Suite 30,Pear - Packum
Gertrude Serotsky,gserotskykq@mapquest.com,1/19/2024,827.04,Debit Card,Apt 1498,"Bread - Roll, Soft White Round"
Stevena Hows,showskr@shareasale.com,1/16/2024,535.94,Credit,Apt 420,Garlic
Ilysa Roussell,iroussellks@rambler.ru,12/16/2023,246.16,Credit,Suite 100,Lemon Tarts
Ninon Digance,ndigancekt@about.com,2/7/2024,642.03,Credit,PO Box 95824,Pastry - Mini French Pastries
Rochelle Quested,rquestedku@smh.com.au,10/25/2023,739.23,CC,Suite 84,Island Oasis - Strawberry
Mina Melloi,mmelloikv@dmoz.org,9/10/2023,281.77,Debit Card,Suite 47,Bag - Regular Kraft 20 Lb
Kalli Dallewater,kdallewaterkw@yale.edu,3/19/2024,989.89,Credit,Room 1426,Cocoa Powder - Dutched
Farleigh Trappe,ftrappekx@cbslocal.com,10/7/2023,578.69,DC,Suite 44,Snapple - Iced Tea Peach
Emmanuel Vear,evearky@google.cn,12/16/2023,934.65,CC,Suite 74,Pineapple - Golden
Mela Lavery,mlaverykz@ehow.com,6/11/2023,147.34,Credit Card,PO Box 45855,Appetizer - Veg Assortment
Shel Brocks,sbrocksl0@aboutads.info,11/28/2023,667.21,Credit Card,7th Floor,Fennel - Seeds
Jeane Burchett,jburchettl1@t.co,11/22/2023,664.36,Credit Card,6th Floor,Ginsing - Fresh
Doretta Pestor,dpestorl2@com.com,4/21/2023,492.48,Debit Card,17th Floor,Venison - Liver
Harry Byron,hbyronl3@dion.ne.jp,10/24/2023,609.35,Credit Card,PO Box 10351,Bread - English Muffin
Stepha Stinchcombe,sstinchcombel4@github.com,10/24/2023,504.04,DC,Room 1689,Curry Paste - Green Masala
Derk Wadley,dwadleyl5@harvard.edu,9/10/2023,794.94,Credit Card,PO Box 17185,Honey - Liquid
Dennis Spadeck,dspadeckl6@bing.com,9/14/2023,752.84,DC,Apt 1618,"Nestea - Ice Tea, Diet"
Vincent Harflete,vharfletel7@harvard.edu,10/19/2023,34.53,DC,Suite 12,"Wine - White, Cooking"
Richardo Di Antonio,rdil8@domainmarket.com,9/16/2023,86.02,Credit,Room 872,Beer - Guiness
Aeriel Battrum,abattruml9@springer.com,7/22/2023,91.17,Debit,Apt 814,Rice - Sushi
Melinde Hamman,mhammanla@seesaa.net,8/18/2023,19.26,DC,Suite 55,Cheese - Comtomme
Gene Duddin,gduddinlb@stanford.edu,7/7/2023,415.3,,Apt 142,Garbage Bags - Clear
Ban Fernandes,bfernandeslc@google.fr,2/13/2024,586.95,DC,Room 1565,Assorted Desserts
Thaxter Lacroutz,tlacroutzld@ebay.com,10/26/2023,448.88,Credit,14th Floor,Wine - Vidal Icewine Magnotta
Elihu Farahar,efaraharle@vistaprint.com,2/7/2024,835.01,Credit,PO Box 97082,Juice - Prune
Arvy Droghan,adroghanlf@samsung.com,6/26/2023,238.33,,Suite 97,"Wine - White, Pinot Grigio"
Giorgia Badini,gbadinilg@ft.com,2/12/2024,565.44,Debit,Apt 857,Wine - Carmenere Casillero Del
Di Lardeur,dlardeurlh@tuttocitta.it,11/2/2023,487.46,Debit Card,PO Box 38545,Chip - Potato Dill Pickle
Alayne Clinkard,aclinkardli@sun.com,3/2/2024,304.71,Credit,Room 1300,Energy Drink - Franks Pineapple
Charmain Cawse,ccawselj@chron.com,6/28/2023,807.76,Debit Card,Suite 83,Flour - Rye
Rivkah Wythe,rwythelk@ox.ac.uk,2/22/2024,435.11,DC,Suite 48,Fuji Apples
Kermy McLoughlin,kmcloughlinll@de.vu,6/19/2023,402.37,Credit,Suite 57,Ecolab - Hobart Washarm End Cap
Nicky Rieme,nriemelm@sitemeter.com,8/23/2023,20.37,Credit Card,10th Floor,"Lettuce - Mini Greens, Whole"
Christoforo Truder,ctruderln@si.edu,3/28/2024,617.2,CC,11th Floor,Coffee Decaf Colombian
Albertina McCleverty,amcclevertylo@dailymail.co.uk,5/27/2023,276.77,Credit Card,PO Box 86351,Cheese - Montery Jack
Carmelia Kneaphsey,ckneaphseylp@bbc.co.uk,7/22/2023,279.32,DC,Room 869,Pear - Packum
Myer Dyde,mdydelq@unesco.org,12/19/2023,811.67,CC,Apt 1684,Crackers - Melba Toast
Nappie Skeete,nskeetelr@cornell.edu,8/27/2023,458.23,,Apt 1007,"Split Peas - Yellow, Dry"
Ursulina Budget,ubudgetls@hubpages.com,9/18/2023,527.82,Debit,Room 1870,Mustard - Seed
Hildagarde Donahue,hdonahuelt@youku.com,8/29/2023,313.66,CC,Room 859,Salad Dressing
Skipton Govan,sgovanlu@uiuc.edu,5/5/2023,288.01,Credit,PO Box 78280,Cheese - Roquefort Pappillon
Karlens Eborall,keboralllv@google.com,1/30/2024,689.17,Debit Card,Room 121,Syrup - Monin - Blue Curacao
Dewie Van Son,dvanlw@mozilla.org,3/9/2024,368.83,Debit Card,Room 247,Soup - Campbells Tomato Ravioli
Gabriela Radolf,gradolflx@cargocollective.com,5/9/2023,114.0,DC,Suite 27,Tea - Orange Pekoe
Lenka de Clerc,ldely@amazon.co.jp,8/11/2023,627.52,Credit Card,PO Box 19849,Wine - Chenin Blanc K.w.v.
Brok Vasyutkin,bvasyutkinlz@ebay.com,2/5/2024,54.44,Credit Card,PO Box 15315,Bag - Clear 7 Lb
Rahal Odell,rodellm0@surveymonkey.com,10/1/2023,776.8,Credit Card,10th Floor,Muffin Hinge Container 6
Josephine Ranby,jranbym1@ebay.co.uk,11/22/2023,276.2,Credit Card,5th Floor,"Mushroom - Chantrelle, Fresh"
Celestyn Seamans,cseamansm2@netvibes.com,4/19/2023,949.15,Credit,6th Floor,"Champagne - Brights, Dry"
Warner Merricks,wmerricksm3@usgs.gov,5/23/2023,103.92,Credit Card,PO Box 83971,Wine - Redchard Merritt
Hallsy Kew,hkewm4@canalblog.com,9/29/2023,820.83,CC,8th Floor,Chocolate - Unsweetened
Noami Brame,nbramem5@tripadvisor.com,7/25/2023,606.19,DC,PO Box 87206,Soup - Campbells - Chicken Noodle
Waneta McElrea,wmcelream6@google.pl,10/30/2023,904.83,Credit,Suite 6,Alize Sunset
Ivy MacCaffery,imaccafferym7@adobe.com,8/4/2023,483.37,DC,1st Floor,Broom - Angled
Symon Dandy,sdandym8@alibaba.com,3/4/2024,845.12,CC,Suite 61,Container - Hngd Cll Blk 7x7x3
Nathanil Balmann,nbalmannm9@dion.ne.jp,6/2/2023,651.08,Debit Card,Apt 1246,Wine - Chablis 2003 Champs
Analiese Hasslocher,ahasslocherma@lycos.com,7/22/2023,696.11,Debit,PO Box 13856,Apple - Northern Spy
Ruperta Eyre,reyremb@marriott.com,9/28/2023,29.9,CC,Room 1703,Wine - Vineland Estate Semi - Dry
Vladamir Claisse,vclaissemc@tripadvisor.com,7/8/2023,951.47,Credit Card,PO Box 39996,"Veal - Brisket, Provimi,bnls"
Ellery Bloyes,ebloyesmd@parallels.com,9/18/2023,400.37,Credit,Room 757,Paper Towel Touchless
Kennith Syers,ksyersme@google.de,12/22/2023,514.24,Credit Card,5th Floor,Appetizer - Lobster Phyllo Roll
Darryl Swetmore,dswetmoremf@tinypic.com,10/29/2023,755.96,Debit,Suite 29,"Soup - French Onion, Dry"
Nerta Grant,ngrantmg@comcast.net,6/25/2023,787.31,CC,PO Box 6789,Mushroom - Morel Frozen
Dewie Recke,dreckemh@zdnet.com,12/4/2023,452.38,CC,PO Box 26756,"Artichoke - Hearts, Canned"
Jeniece Wayper,jwaypermi@arstechnica.com,4/20/2023,18.11,Credit Card,Apt 1159,"Shrimp - Baby, Cold Water"
Aldrich Perritt,aperrittmj@edublogs.org,12/14/2023,661.15,DC,17th Floor,"Cheese - Manchego, Spanish"
Linda McIlmurray,lmcilmurraymk@cnn.com,9/15/2023,631.05,Debit Card,Suite 9,Crackers Cheez It
Ravi Leinster,rleinsterml@jugem.jp,1/3/2024,183.33,Debit,PO Box 92833,Milkettes - 2%
Car Carstairs,ccarstairsmm@sohu.com,7/6/2023,615.58,DC,Room 689,Wine - Casablanca Valley
Hetti Wark,hwarkmn@shutterfly.com,6/30/2023,407.45,Debit Card,Apt 968,Barley - Pearl
Liv Speechly,lspeechlymo@livejournal.com,4/20/2023,478.94,Debit,Room 4,Coffee Caramel Biscotti
Domini Garces,dgarcesmp@hostgator.com,4/11/2023,534.32,Credit Card,Apt 1128,"Pork - Back, Long Cut, Boneless"
Gerry Almon,galmonmq@vinaora.com,5/19/2023,258.22,Credit Card,Room 1898,Tea - Herbal Orange Spice
Sibylle Ebbens,sebbensmr@topsy.com,4/16/2023,659.2,Credit,8th Floor,Truffle - Whole Black Peeled
Elsbeth Bearn,ebearnms@netvibes.com,7/18/2023,654.48,Credit,Apt 1386,Shiro Miso
El Idiens,eidiensmt@si.edu,5/20/2023,735.8,Debit,13th Floor,Pur Value
Thomasa Whal,twhalmu@nsw.gov.au,1/17/2024,114.58,Credit Card,Suite 45,Chutney Sauce - Mango
Marlyn Jikylls,mjikyllsmv@wunderground.com,9/16/2023,561.41,Credit,Apt 1609,Arizona - Green Tea
Lexie Alti,laltimw@bloglovin.com,6/12/2023,392.36,Debit Card,Apt 925,Cleaner - Pine Sol
Minni Ghion,mghionmx@dailymotion.com,6/29/2023,385.86,DC,PO Box 8708,"Wine - Red, Lurton Merlot De"
Anna-diane Carnow,acarnowmy@reference.com,7/3/2023,332.85,Debit Card,Suite 23,Pate - Liver
Bentlee Fuentez,bfuentezmz@ebay.com,10/12/2023,601.89,Debit Card,Suite 42,Yoplait Drink
Gabriellia Amsberger,gamsbergern0@facebook.com,9/22/2023,651.72,Credit,12th Floor,Lamb - Bones
Ennis Tallyn,etallynn1@mysql.com,4/21/2023,952.77,CC,Apt 783,Lamb - Loin Chops
Doug Baggot,dbaggotn2@tmall.com,11/1/2023,788.94,CC,PO Box 61884,Bread Sour Rolls
Estele Barttrum,ebarttrumn3@reddit.com,3/8/2024,700.43,CC,Suite 44,Apron
Jania Pattisson,jpattissonn4@wordpress.org,7/10/2023,721.79,CC,Suite 64,Bandage - Finger Cots
Gisela Duddan,gduddann5@bigcartel.com,4/24/2023,797.68,DC,1st Floor,Oysters - Smoked
Lyndy Wort,lwortn6@gmpg.org,2/12/2024,2.53,Credit Card,Suite 48,Yoplait Drink
Elmore Varney,evarneyn7@seesaa.net,12/15/2023,922.73,CC,Room 1387,"Salmon - Smoked, Sliced"
Zaccaria Norrington,znorringtonn8@earthlink.net,10/20/2023,219.62,Credit,Apt 908,Beer - Sleemans Honey Brown
Lily Vakhrushin,lvakhrushinn9@forbes.com,12/10/2023,967.67,Debit Card,Apt 1752,"Crab - Dungeness, Whole, live"
Theodoric Worcs,tworcsna@multiply.com,7/12/2023,465.31,Credit Card,PO Box 96921,Tea - Lemon Scented
Marnie Tuerena,mtuerenanb@nymag.com,2/13/2024,392.25,Credit,Suite 8,"Pork - Loin, Bone - In"
Danyelle Boyse,dboysenc@storify.com,4/14/2023,702.06,Debit Card,Room 1784,Longos - Grilled Chicken With
Sterne Heifer,sheifernd@weibo.com,8/13/2023,22.39,DC,PO Box 17041,"Rice Pilaf, Dry,package"
Susanna Naish,snaishne@domainmarket.com,11/25/2023,302.26,Credit Card,Suite 11,Vodka - Moskovskaya
Wood Vaszoly,wvaszolynf@storify.com,12/17/2023,625.14,Debit Card,Suite 73,Lid - 3oz Med Rec
Dunstan Pearcehouse,dpearcehouseng@jiathis.com,8/4/2023,329.65,CC,Suite 76,Ginger - Pickled
Gnni Jennrich,gjennrichnh@wikipedia.org,3/10/2024,501.06,Credit Card,PO Box 18412,Wine - Zonnebloem Pinotage
Isidore Raven,iravenni@networkadvertising.org,8/8/2023,865.41,Credit Card,4th Floor,Sea Bass - Fillets
Idell Faulds,ifauldsnj@nydailynews.com,4/17/2023,670.09,Credit,Suite 85,Straw - Regular
Gabriel Crasswell,gcrasswellnk@dyndns.org,11/3/2023,400.65,,Room 1904,"Cake Circle, Foil, Scallop"
Kara Sparry,ksparrynl@example.com,3/9/2024,206.39,Debit Card,Suite 28,Juice - Lime
Happy Fruish,hfruishnm@amazon.de,7/30/2023,318.02,Debit,PO Box 93893,Higashimaru Usukuchi Soy
Dewey Tersay,dtersaynn@wikipedia.org,2/19/2024,824.34,Debit Card,Suite 41,"Brandy - Orange, Mc Guiness"
Layla Goford,lgofordno@forbes.com,8/20/2023,570.95,Credit Card,PO Box 22246,Muffin - Bran Ind Wrpd
Chantal Rayworth,crayworthnp@fotki.com,12/2/2023,271.58,Credit Card,Apt 702,Ecolab - Ster Bac
Linette Scanlin,lscanlinnq@1und1.de,11/2/2023,513.79,CC,Apt 838,Coffee - Almond Amaretto
Lynde Older,loldernr@jalbum.net,8/6/2023,871.35,Debit Card,Room 1069,Beans - Fine
Yulma Yielding,yyieldingns@bloglines.com,2/29/2024,920.88,DC,PO Box 69338,Sauce - Cranberry
Kenton Pierrepont,kpierrepontnt@noaa.gov,11/22/2023,681.79,DC,Apt 1713,Wine - Guy Sage Touraine
Rosamund Carnell,rcarnellnu@oakley.com,3/8/2024,878.43,Debit,Apt 241,Juice - Apple Cider
Myrna Buckel,mbuckelnv@skype.com,10/5/2023,543.94,CC,Suite 45,"Spoon - Soup, Plastic"
Farlay Chapellow,fchapellownw@arizona.edu,3/17/2024,477.74,Credit,17th Floor,Mix - Cocktail Ice Cream
Carley Webberley,cwebberleynx@buzzfeed.com,5/31/2023,951.47,Credit,Apt 1814,Bread - Sour Sticks With Onion
Trefor Riggeard,triggeardny@google.com.br,7/24/2023,637.69,Debit Card,17th Floor,Wine - Jafflin Bourgongone
Addi Poleykett,apoleykettnz@tripadvisor.com,12/13/2023,413.18,DC,PO Box 82656,Tea - Earl Grey
Rowe Ritson,rritsono0@imdb.com,5/24/2023,995.03,Credit,PO Box 6962,Cookies - Amaretto
Cathee Guard,cguardo1@senate.gov,11/10/2023,227.78,CC,Apt 579,Beef - Bresaola
Mabel Fergyson,mfergysono2@google.com,8/20/2023,46.69,CC,Room 33,Puff Pastry - Sheets
Lockwood Lage,llageo3@slashdot.org,4/27/2023,646.9,CC,PO Box 4803,Pork Ham Prager
Emmett Laurand,elaurando4@icio.us,4/19/2023,861.38,Credit,Apt 91,"Napkin - Beverge, White 2 - Ply"
Georgeta Studdert,gstudderto5@wordpress.org,12/20/2023,237.57,Debit Card,Apt 954,"Cake Circle, Foil, Scallop"
Vinni Andrzej,vandrzejo6@prnewswire.com,8/9/2023,291.81,Debit Card,Suite 40,Cheese - Marble
Eulalie Skeels,eskeelso7@theguardian.com,1/24/2024,351.01,Debit Card,Apt 1543,Wine - Malbec Trapiche Reserve
Lincoln Paulon,lpaulono8@slate.com,11/29/2023,503.18,DC,Room 1959,Wine - Penfolds Koonuga Hill
Walliw Bourcq,wbourcqo9@china.com.cn,2/9/2024,338.16,Credit,Room 1923,Skirt - 29 Foot
Trixy Mytton,tmyttonoa@usda.gov,10/29/2023,696.0,Debit Card,PO Box 30002,Puree - Pear
Onida Tiler,otilerob@behance.net,12/14/2023,218.28,Debit Card,10th Floor,Ostrich - Fan Fillet
Jeth Atthowe,jatthoweoc@istockphoto.com,1/16/2024,249.27,Debit,Room 942,"Red Snapper - Fillet, Skin On"
Kit Meynell,kmeynellod@senate.gov,2/13/2024,128.32,Credit Card,Suite 63,Salami - Genova
Gareth O'Lehane,golehaneoe@amazon.de,6/8/2023,358.45,Credit Card,Suite 83,Cod - Black Whole Fillet
Arthur O'Conor,aoconorof@cocolog-nifty.com,10/14/2023,682.18,Debit,PO Box 11585,Filling - Mince Meat
Morrie Cowope,mcowopeog@i2i.jp,7/27/2023,762.91,Debit,20th Floor,Jolt Cola - Red Eye
Gray Tschersich,gtschersichoh@google.co.jp,2/5/2024,155.38,DC,PO Box 55728,"Mushroom - Trumpet, Dry"
Kev Gunther,kguntheroi@zdnet.com,11/27/2023,545.46,Debit Card,19th Floor,Tamarind Paste
Tulley Esland,teslandoj@technorati.com,2/2/2024,71.83,Debit,Suite 22,Cornish Hen
Ignacio Kruse,ikruseok@hud.gov,8/10/2023,549.69,Debit Card,Suite 20,Wine - Malbec Trapiche Reserve
Pepi Sweetland,psweetlandol@phoca.cz,10/27/2023,323.4,CC,Suite 88,"Asparagus - Green, Fresh"
Damaris Measey,dmeaseyom@arizona.edu,8/18/2023,925.12,CC,PO Box 32924,Beer - Mcauslan Apricot
Evan Lorkings,elorkingson@un.org,1/19/2024,692.08,Debit Card,11th Floor,Wine - Valpolicella Masi
Vincenty Culy,vculyoo@yellowbook.com,2/17/2024,344.17,Debit,Suite 86,Tea - Honey Green Tea
Mela Lory,mloryop@nyu.edu,3/22/2024,814.0,CC,14th Floor,"Octopus - Baby, Cleaned"
Adele Drogan,adroganoq@va.gov,8/25/2023,679.66,CC,Suite 60,"Bread - Roll, Canadian Dinner"
Nap Gillanders,ngillandersor@virginia.edu,1/31/2024,11.96,Credit,6th Floor,Cookies - Fortune
Bernette Kennion,bkennionos@ifeng.com,6/29/2023,328.9,Debit Card,2nd Floor,"Juice - Clam, 46 Oz"
Simonette Yeld,syeldot@rakuten.co.jp,7/28/2023,325.25,Debit,Apt 1920,Spice - Peppercorn Melange
Abrahan Sorrie,asorrieou@toplist.cz,11/19/2023,602.5,CC,17th Floor,"Pasta - Fusili, Dry"
Gabey Keeling,gkeelingov@nsw.gov.au,4/30/2023,982.03,DC,14th Floor,Beef Cheek Fresh
Brooke Steenson,bsteensonow@studiopress.com,2/17/2024,942.71,Debit,PO Box 73615,Wine - Rosso Del Veronese Igt
Vina Schiersch,vschierschox@nbcnews.com,12/24/2023,218.1,CC,Apt 1425,Molasses - Fancy
Kendra Gallihaulk,kgallihaulkoy@multiply.com,1/24/2024,110.13,Credit,Suite 73,Eggplant - Baby
Franciska Labrow,flabrowoz@nydailynews.com,9/17/2023,840.08,Debit Card,Suite 97,Bread - Olive Dinner Roll
Borden Mountstephen,bmountstephenp0@senate.gov,10/7/2023,442.81,Credit,Apt 1460,Juice - Mango
Skipton Agass,sagassp1@cnet.com,9/22/2023,478.17,Debit,9th Floor,Pepper - Orange
Tamara Panter,tpanterp2@ameblo.jp,11/26/2023,670.45,DC,18th Floor,Longan
Ddene O'Sheilds,dosheildsp3@addthis.com,12/28/2023,757.63,Credit Card,Room 750,Tamarillo
Linn Dedman,ldedmanp4@elpais.com,6/24/2023,655.14,Debit Card,PO Box 61366,Sausage - Liver
Lethia Dowsey,ldowseyp5@de.vu,4/21/2023,976.21,Credit Card,Apt 1021,"Wine - White, Chardonnay"
Hedy Phalp,hphalpp6@de.vu,10/9/2023,982.44,DC,Apt 1636,Apple - Royal Gala
Kayla Georgescu,kgeorgescup7@amazon.de,12/16/2023,602.3,Debit Card,Apt 1032,Whmis - Spray Bottle Trigger
Piotr Rijkeseis,prijkeseisp8@yellowpages.com,2/27/2024,919.75,DC,Room 1979,Island Oasis - Raspberry
Ermanno Carnilian,ecarnilianp9@wufoo.com,3/13/2024,78.11,Credit,Suite 57,Shrimp - Prawn
Gabriele Botright,gbotrightpa@npr.org,2/14/2024,124.11,Credit Card,PO Box 5057,Wine - Domaine Boyar Royal
Raquel Ewen,rewenpb@twitter.com,8/18/2023,592.35,Credit Card,16th Floor,Wonton Wrappers
Jeromy Betton,jbettonpc@salon.com,9/19/2023,466.36,CC,Apt 99,Lobster - Cooked
Kurt Fishpool,kfishpoolpd@51.la,7/31/2023,997.49,DC,Room 1925,Soup Campbells Mexicali Tortilla
Janel Botte,jbottepe@amazon.co.uk,8/15/2023,14.94,Debit Card,14th Floor,Wine - Magnotta - Bel Paese White
Delia Flacknell,dflacknellpf@flickr.com,2/3/2024,258.62,CC,Room 1568,"Cup - 6oz, Foam"
Trace Valerius,tvaleriuspg@paypal.com,4/6/2023,135.23,Credit,PO Box 31932,Scallops 60/80 Iqf
Rutger Draysay,rdraysayph@gnu.org,5/5/2023,638.64,Debit,6th Floor,Mace Ground
Fania Juarez,fjuarezpi@bluehost.com,5/20/2023,827.92,Debit,Apt 1884,"Lid - 10,12,16 Oz"
Ramonda Stammler,rstammlerpj@foxnews.com,7/19/2023,89.75,Debit Card,4th Floor,Napkin Colour
Katheryn Jacklings,kjacklingspk@tamu.edu,2/16/2024,110.71,Debit,10th Floor,Muffins - Assorted
Rudolph Ashbey,rashbeypl@time.com,1/7/2024,880.46,DC,PO Box 94298,Dried Cherries
Linea D'Agostini,ldagostinipm@discuz.net,5/14/2023,792.96,Debit,Room 149,Lettuce - Spring Mix
Sonny Bownes,sbownespn@prlog.org,3/21/2024,65.51,Debit,18th Floor,"Pasta - Canelloni, Single Serve"
Valaree Shackesby,vshackesbypo@csmonitor.com,9/22/2023,63.68,Credit,Apt 1739,Coffee - Frthy Coffee Crisp
Keely Leader,kleaderpp@usatoday.com,5/12/2023,674.86,DC,Room 776,"Iced Tea - Lemon, 340ml"
Jackie Lewsley,jlewsleypq@cbc.ca,2/26/2024,356.34,DC,PO Box 43944,Beans - Yellow
Vittoria Burker,vburkerpr@washington.edu,11/7/2023,930.29,DC,11th Floor,Turnip - White
Willie Tollemache,wtollemacheps@cnet.com,8/22/2023,659.92,DC,Apt 1657,"Beef - Ox Tail, Frozen"
Patric Gaveltone,pgaveltonept@google.it,6/18/2023,64.48,Credit Card,Room 453,Mace Ground
Quintilla Ivkovic,qivkovicpu@desdev.cn,10/25/2023,661.33,Credit,PO Box 15345,Energy Drink - Franks Original
Tomi David,tdavidpv@netlog.com,7/15/2023,708.12,Debit Card,Suite 95,Tomatoes Tear Drop
Cazzie Galero,cgaleropw@simplemachines.org,9/12/2023,160.49,CC,Suite 77,Mushroom - Lg - Cello
Marylinda Pedder,mpedderpx@over-blog.com,12/13/2023,456.89,Credit Card,PO Box 29022,Sage - Ground
Tanitansy Albone,talbonepy@tinypic.com,3/16/2024,618.07,Credit Card,Suite 72,Fond - Chocolate
Farrah Bolino,fbolinopz@google.ca,11/16/2023,121.56,Credit,Suite 92,Otomegusa Dashi Konbu
Mair Cumbes,mcumbesq0@ft.com,6/4/2023,264.04,CC,Room 362,Cheese - Brie Roitelet
Zahara Ambroix,zambroixq1@sakura.ne.jp,2/7/2024,127.58,Debit Card,Apt 1378,"Fish - Artic Char, Cold Smoked"
Ardelia Embery,aemberyq2@businesswire.com,5/19/2023,443.51,DC,13th Floor,Muffin Batt - Ban Dream Zero
Tyrus Lasseter,tlasseterq3@histats.com,12/10/2023,253.84,Debit,Room 1519,Wine - Magnotta - Bel Paese White
Port Brounsell,pbrounsellq4@blog.com,3/23/2024,619.81,Credit Card,7th Floor,Ice Cream Bar - Oreo Sandwich
Jilly Burds,jburdsq5@answers.com,4/20/2023,165.0,Debit Card,PO Box 99776,"Olives - Green, Pitted"
Bourke MacGarrity,bmacgarrityq6@wiley.com,3/18/2024,404.8,Debit Card,PO Box 79129,Mustard - Dijon
Alfie Dumblton,adumbltonq7@soundcloud.com,1/26/2024,405.11,Debit,Room 552,Dikon
Brandais Crocetto,bcrocettoq8@t-online.de,8/30/2023,670.52,Debit Card,16th Floor,"Wine - White, Colubia Cresh"
Vidovik Lahive,vlahiveq9@cpanel.net,3/12/2024,263.32,Credit Card,Suite 16,Persimmons
Luigi Plackstone,lplackstoneqa@bbb.org,6/30/2023,71.98,DC,Apt 855,Wine - Domaine Boyar Royal
Prisca Frediani,pfredianiqb@typepad.com,12/23/2023,386.25,Credit Card,Apt 1566,Salt And Pepper Mix - Black
Zorana Squier,zsquierqc@google.de,6/29/2023,236.9,Credit,Room 1960,"Pork - Bacon, Double Smoked"
Shane Ibell,sibellqd@columbia.edu,8/15/2023,889.12,CC,PO Box 15239,Quinoa
Talyah Kleinsinger,tkleinsingerqe@cnbc.com,3/6/2024,,DC,5th Floor,Bread Base - Toscano
Sanford Pollak,spollakqf@nifty.com,11/14/2023,349.59,Credit Card,Room 892,Pur Source
Kerrie Davidovici,kdavidoviciqg@businesswire.com,10/4/2023,267.29,Debit Card,2nd Floor,Milk - Buttermilk
Madlin Panketh,mpankethqh@desdev.cn,2/1/2024,14.98,Debit Card,Room 723,Cheese - Gouda Smoked
Haily Eefting,heeftingqi@gov.uk,11/20/2023,766.08,CC,PO Box 24641,Pail For Lid 1537
Heall Joynson,hjoynsonqj@free.fr,11/27/2023,789.01,Debit,Suite 85,"Nut - Almond, Blanched, Whole"
Ilysa Wheeldon,iwheeldonqk@java.com,11/3/2023,164.42,CC,Room 1144,Alize Gold Passion
Mahalia Neil,mneilql@sakura.ne.jp,12/27/2023,520.31,CC,16th Floor,"Seedlings - Mix, Organic"
Lenore Lindenbluth,llindenbluthqm@google.nl,10/27/2023,563.65,DC,Room 1307,Turnip - Mini
Mac Handmore,mhandmoreqn@simplemachines.org,6/16/2023,135.58,Debit Card,Apt 1820,Crackers - Trio
Cooper Leggin,clegginqo@sun.com,11/23/2023,221.82,DC,Room 750,Bread - Rosemary Focaccia
Haley Nannetti,hnannettiqp@opensource.org,3/19/2024,676.56,Credit Card,Apt 20,"Bread - Rolls, Corn"
Bud Ozintsev,bozintsevqq@rambler.ru,11/17/2023,144.52,Credit,Room 87,Clams - Bay
Ginger Pareman,gparemanqr@soup.io,5/1/2023,116.98,DC,Apt 1809,Carbonated Water - Wildberry
Doe Bayliss,dbaylissqs@sphinn.com,5/31/2023,525.19,CC,17th Floor,Lentils - Green Le Puy
Dionisio Andrieux,dandrieuxqt@usa.gov,11/25/2023,935.33,Debit Card,20th Floor,Potatoes - Peeled
Alex Hartropp,ahartroppqu@cdbaby.com,10/5/2023,806.63,Debit Card,Suite 93,Milk - Chocolate 500ml
Benson Trotton,btrottonqv@netvibes.com,3/15/2024,29.13,Debit Card,Apt 486,Pork - European Side Bacon
Alida Whittenbury,awhittenburyqw@fc2.com,1/3/2024,266.07,Credit Card,Suite 9,"Pork - Tenderloin, Fresh"
Rudolfo Gellion,rgellionqx@mayoclinic.com,10/21/2023,764.94,Debit Card,16th Floor,Pastry - Cheese Baked Scones
Bel Shillan,bshillanqy@intel.com,6/6/2023,356.44,Debit,12th Floor,Halibut - Fletches
Web Christer,wchristerqz@xing.com,12/21/2023,865.91,Credit,7th Floor,Island Oasis - Peach Daiquiri
Xylina Barnfather,xbarnfatherr0@xinhuanet.com,10/2/2023,332.29,DC,Room 1950,Beef - Eye Of Round
Cornelius Yielding,cyieldingr1@wired.com,1/28/2024,110.17,DC,PO Box 54063,Ginsing - Fresh
Colas Bolmann,cbolmannr2@storify.com,6/6/2023,142.21,Credit,15th Floor,Watercress
Gaspard Turbayne,gturbayner3@un.org,5/22/2023,254.7,DC,PO Box 96057,Towel Multifold
Baudoin Etoile,betoiler4@amazon.co.uk,2/25/2024,162.72,DC,5th Floor,Dry Ice
Lucina Farquhar,lfarquharr5@dedecms.com,5/29/2023,333.42,CC,PO Box 89432,Chick Peas - Canned
Reeva Soigoux,rsoigouxr6@tinypic.com,3/27/2024,995.34,CC,18th Floor,Tea Peppermint
Sylas Bowdidge,sbowdidger7@usa.gov,4/12/2023,893.92,Debit Card,PO Box 92206,Melon - Cantaloupe
Alphard Lardier,alardierr8@nba.com,7/27/2023,28.24,Debit,Apt 1353,Wine - Puligny Montrachet A.
Janel Oswald,joswaldr9@behance.net,4/1/2023,848.65,Credit Card,17th Floor,Wine - Riesling Dr. Pauly
Abra Wolvey,awolveyra@ocn.ne.jp,10/7/2023,278.48,DC,Apt 1009,Container - Clear 16 Oz
Harriett Bosse,hbosserb@surveymonkey.com,4/25/2023,608.48,Debit,Suite 31,Tea - Black Currant
Sky Kilius,skiliusrc@e-recht24.de,2/2/2024,513.62,Credit Card,Suite 75,Sambuca - Ramazzotti
Eveline Kynett,ekynettrd@nydailynews.com,7/28/2023,107.8,CC,Suite 65,Parasol Pick Stir Stick
Mil Broadey,mbroadeyre@mit.edu,11/13/2023,111.32,Debit Card,Room 1642,Ginger - Ground
Buddy Mannix,bmannixrf@senate.gov,8/15/2023,47.81,Credit Card,PO Box 57593,Emulsifier
Egor Carrell,ecarrellrg@reuters.com,6/27/2023,246.74,Credit Card,Suite 18,Squash - Butternut
Hastings Gallard,hgallardrh@sbwire.com,10/6/2023,786.46,Credit,5th Floor,Potatoes - Peeled
Rosie Keme,rkemeri@fotki.com,7/5/2023,871.64,Credit Card,Suite 77,Sour Cream
Hayward Scanderet,hscanderetrj@ezinearticles.com,4/4/2023,924.22,CC,Room 927,Marjoram - Fresh
Ellwood Civitillo,ecivitillork@bbc.co.uk,2/25/2024,299.84,CC,4th Floor,Beans - Fine
Astrid Fronks,afronksrl@xing.com,6/7/2023,45.27,CC,Suite 31,Juice - Mango
Mariana Laingmaid,mlaingmaidrm@paypal.com,8/20/2023,772.57,Debit,PO Box 54940,Currants
Baxy Hathwood,bhathwoodrn@guardian.co.uk,2/28/2024,107.29,DC,6th Floor,Toothpick Frilled
Willie Staniford,wstanifordro@comsenz.com,2/16/2024,783.84,Debit,Apt 1033,"Beef - Outside, Round"
Celie Coots,ccootsrp@sphinn.com,7/21/2023,260.94,CC,16th Floor,Tofu - Firm
Dwight Bolesworth,dbolesworthrq@jimdo.com,10/14/2023,343.77,Debit Card,10th Floor,Wine - Chateauneuf Du Pape
Teddie Wilsey,twilseyrr@behance.net,5/9/2023,718.1,CC,20th Floor,Venison - Racks Frenched
